"name","number","email","company"
"orin ziemann","(712) 212-5350","alaina.kub@yahoo.com","kilback - heathcote"
"mr. berneice larkin","1-257-266-5464","gustave.armstrong@hotmail.com","veum inc"
"monique mraz","1-757-392-2138 x5361","monroe_stark66@gmail.com","rohan - stroman"
"niko schuppe","(940) 751-6642 x10367","kaylin.heidenreich@hotmail.com","breitenberg and sons"
"bette reichert","346.679.1353 x722","camryn.reynolds16@hotmail.com","morar and sons"
"dangelo lind","1-376-164-1040 x503","sarah64@gmail.com","schuster and sons"
"judge ernser","(144) 112-2642 x201","maida69@yahoo.com","grimes - cummings"
"ewell maggio","182.924.1953 x525","kaela67@yahoo.com","muller, nienow and friesen"
"ofelia watsica sr.","(478) 277-2358 x6904","cordia_spinka33@hotmail.com","beier - mayert"
"joel rippin","1-465-053-4352 x3418","eriberto.fisher95@hotmail.com","boyer - kling"
"hilma corwin","707.117.6003 x3865","caleb74@hotmail.com","d'amore and sons"
"sienna bartell","811-724-3839","orlo.luettgen@yahoo.com","johns, ankunding and heaney"
"sven bergnaum","252.194.9957","colt_damore19@gmail.com","cole, koch and windler"
"mrs. amanda leuschke","258.745.1196","kaley_schowalter@hotmail.com","legros llc"
"delmer kozey","1-142-305-1781 x65191","elliott11@yahoo.com","huels - haley"
"iliana toy","501.915.2091 x4597","fiona_stokes@hotmail.com","hamill and sons"
"beau gibson","373.500.2289","carmen.wehner35@hotmail.com","blick group"
"jordan gibson","1-113-082-1529","astrid.jaskolski@gmail.com","hackett, murphy and schneider"
"tatum erdman","102-239-1167","anne91@gmail.com","welch, murazik and osinski"
"aryanna rutherford","315-886-9079","vena.beer@hotmail.com","johns and sons"
"emmitt hoeger","(215) 178-2116","jamil_gottlieb38@hotmail.com","sporer group"
"lacy frami","(142) 195-2083 x79564","timothy93@hotmail.com","herzog, krajcik and klocko"
"selina krajcik","925-566-2104 x7376","meggie.wyman42@hotmail.com","stracke - mcglynn"
"edgar harvey","016.865.6403","nola.littel@hotmail.com","gleason - schamberger"
"mrs. joanie boyle","227-196-4837","kristina52@hotmail.com","christiansen, spinka and hickle"
"ima mcdermott dvm","069-104-2260 x5085","jed6@yahoo.com","hudson, cummerata and metz"
"miss branson mayer","899-845-6276","creola.zboncak54@gmail.com","feeney group"
"delfina steuber","830.457.5246","marta.pollich88@yahoo.com","koelpin inc"
"kaia nienow","332-227-1129 x409","mason93@hotmail.com","brakus llc"
"adonis reynolds","1-125-795-6770","rickie24@gmail.com","thiel - windler"
"cyril keebler","852.897.4609","eleanore88@gmail.com","fadel, lueilwitz and hackett"
"dominic mcclure","1-510-871-4246 x39421","rocky_terry20@hotmail.com","nitzsche - ruecker"
"marjorie kling","474.948.1161 x23681","colby.emmerich@hotmail.com","kreiger, volkman and kreiger"
"violette rohan","(804) 843-9908 x8798","elinor_paucek13@yahoo.com","koelpin inc"
"abelardo brakus md","(315) 365-7537","petra56@yahoo.com","ullrich - zulauf"
"maxime muller","(106) 308-6113 x581","audrey.runolfsson57@gmail.com","olson, boehm and gleichner"
"richie abernathy","008-499-0142","braden_weissnat@gmail.com","mohr - cruickshank"
"adalberto schiller","(222) 270-9433","dedrick.hahn68@hotmail.com","pfannerstill, casper and tromp"
"dr. ron hansen","950-805-1582","kendrick_jakubowski0@yahoo.com","langosh group"
"mrs. jessy jast","1-999-253-9202","leonel.mraz90@gmail.com","lesch - hagenes"
"sophia kiehn","711-404-1511","magali.mayer@hotmail.com","beatty - prohaska"
"lelia yundt","802.702.6339 x0506","alaina_hermann41@gmail.com","mcglynn - dicki"
"terrill bednar","026-515-5920 x3568","malachi84@hotmail.com","osinski - kohler"
"adelbert walker iii","155-895-8494","ali_kemmer4@hotmail.com","ankunding, hudson and bogan"
"clair abbott","(928) 765-4787 x55087","joana.veum54@yahoo.com","o'hara group"
"jermey baumbach","(818) 209-7895 x4844","austyn.daugherty5@gmail.com","welch - boehm"
"kareem heaney","(901) 134-6337","lori.emmerich18@hotmail.com","kirlin llc"
"bernardo johnston","1-826-370-2310 x767","christelle73@yahoo.com","d'amore, dietrich and rippin"
"kim ritchie dds","336-945-6211 x5768","einar22@gmail.com","kohler, ward and fisher"
"jamarcus littel","624-163-7654","maybelle28@yahoo.com","bruen and sons"
"mrs. violet rutherford","265-430-1584 x351","velma.pacocha37@yahoo.com","pagac, schaefer and smitham"
"ms. jarrod nolan","794-184-1329","winston_bode@gmail.com","christiansen - mcclure"
"mr. krista wiegand","970.654.0636","bell.wilkinson99@yahoo.com","harris group"
"emiliano gottlieb","1-793-920-9172 x030","alec15@hotmail.com","schmitt, schoen and kuvalis"
"verdie stroman","242-532-4389 x099","elsie_blick@hotmail.com","koch inc"
"terrence thiel","1-366-278-4081 x4526","nathaniel_wintheiser@gmail.com","jast group"
"maryjane schuster","(134) 673-2391 x4316","mylene_heller90@yahoo.com","wisozk, muller and donnelly"
"brad ward","745.734.9222 x673","pinkie_baumbach@yahoo.com","johnston - mcglynn"
"dr. jaden lind","1-284-280-7210 x8293","margaret.farrell80@yahoo.com","smith inc"
"delores cremin","721-673-2871","kaylee_haley@yahoo.com","armstrong, mills and hansen"
"alva murphy","1-442-858-9520 x2142","emiliano.beier@hotmail.com","gibson llc"
"vincent schroeder","(325) 440-0836","gilberto.douglas45@yahoo.com","dibbert - ward"
"lilyan windler","573.090.6546 x8537","randall18@gmail.com","botsford - morissette"
"name jones","886-504-0164 x468","dereck48@gmail.com","funk - osinski"
"aaron schiller","744-808-2143 x54756","raegan.grady22@yahoo.com","kuvalis group"
"trent keebler","1-156-084-1346","adrain_bosco@yahoo.com","kuhic, grady and dibbert"
"jay koch","(999) 675-2369 x8054","marcella40@yahoo.com","haag - cole"
"edgar leannon","1-010-980-4429 x763","cheyanne.jacobi@yahoo.com","cummerata - pfannerstill"
"janick sauer","(900) 963-7487","nick15@gmail.com","stark llc"
"domenic spencer","(109) 867-7728 x881","darion21@hotmail.com","marks llc"
"ernestine brakus","335-334-6448","destiney_zulauf90@yahoo.com","jerde - jakubowski"
"sadye stracke","673.259.2232 x3464","peter90@gmail.com","robel, roob and kub"
"ricky rowe","552-748-0380 x590","joelle4@hotmail.com","mayer, fisher and conn"
"delmer mccullough","940-408-4118 x495","nadia.nicolas@gmail.com","streich group"
"jarred bruen","(001) 553-3724","katelynn.lang36@yahoo.com","schneider - donnelly"
"kenton bechtelar","757-324-3059","assunta80@gmail.com","conn, jenkins and swift"
"abbey bednar","520.098.9806 x44118","jamie_kling@yahoo.com","boehm inc"
"caterina dubuque","259-523-4065 x0112","chasity58@hotmail.com","bayer, schimmel and mosciski"
"mr. johan daugherty","393-871-2744 x428","sandra.miller35@hotmail.com","schamberger, kihn and dibbert"
"myrtice kub","629-157-0467","geovany89@yahoo.com","medhurst - gaylord"
"gretchen ledner","791.922.8617 x3168","alessandro_lynch13@hotmail.com","keebler - monahan"
"mrs. dan stehr","1-295-089-4285 x1947","ryan0@hotmail.com","beatty, marvin and prosacco"
"carey torp","1-541-379-0934","dangelo_koss@yahoo.com","gulgowski, lindgren and kunze"
"emmanuel hammes","1-174-068-5710 x7969","mohammad6@hotmail.com","turcotte, batz and wilkinson"
"cecilia reinger","1-050-647-8486 x132","mckayla.zboncak@gmail.com","nikolaus and sons"
"hazle kulas","(020) 457-5659 x4900","rosanna_sawayn@gmail.com","nikolaus, okuneva and balistreri"
"ahmed rempel","1-657-878-1138","reva.larkin51@hotmail.com","dooley - murray"
"tianna yundt","376.862.5377","vinnie33@yahoo.com","farrell - steuber"
"stacy lynch","1-771-191-6822 x4988","bart51@yahoo.com","cassin llc"
"josie mclaughlin","(024) 469-5461","christopher.rutherford82@hotmail.com","stoltenberg - grimes"
"ms. amanda powlowski","496-661-9180","kallie_corkery52@hotmail.com","wehner, witting and nitzsche"
"elody bayer","(153) 814-2071 x5217","sonya.white8@yahoo.com","padberg, crona and breitenberg"
"madisen pouros","730.673.9928","ben.johnson49@yahoo.com","o'hara, borer and mckenzie"
"justine jacobi","741-573-8312","wilber92@hotmail.com","jacobson - stroman"
"rhea cole","1-531-190-1141","shaina74@gmail.com","russel and sons"
"samson turner","(340) 360-1720 x6142","carolyne52@hotmail.com","mitchell, stoltenberg and lubowitz"
"muhammad larkin","730-320-7798","miguel.bayer@hotmail.com","halvorson - effertz"
"reagan lowe","720-880-5469 x64384","garland.dubuque57@yahoo.com","kuphal, mccullough and roob"
"shemar schaefer","1-529-958-7795 x3965","austin86@gmail.com","bogan, osinski and barrows"
"zander kerluke","101-910-1442 x715","cody.gleason@yahoo.com","block, yundt and schmitt"
"trent prosacco","1-471-253-2147 x605","bernita_torp@gmail.com","lind, upton and schmitt"
"juston stanton i","(320) 388-9486 x60582","alvena15@gmail.com","frami, tillman and kris"
"mr. magnus jerde","022-119-3497 x97459","lemuel77@gmail.com","streich - dubuque"
"mrs. yasmeen huels","(935) 265-2489 x9442","jena18@yahoo.com","legros, abbott and bernier"
"ollie rolfson","315-258-2056 x784","maci33@yahoo.com","lesch and sons"
"berry harris","1-387-926-6172 x479","joyce40@yahoo.com","hyatt - cassin"
"miles kertzmann","686-601-9424","fabiola.brekke88@hotmail.com","bruen - ebert"
"clinton brown","394-809-4695 x917","ivy_barrows90@gmail.com","hansen, breitenberg and howell"
"caroline renner iii","429.389.1619 x842","skyla1@gmail.com","ruecker, nader and carroll"
"arjun kirlin","466-322-0606","orpha.steuber18@hotmail.com","nienow - rodriguez"
"cullen russel","(730) 033-1597","krystel86@hotmail.com","larson and sons"
"jennyfer kunde","(254) 838-2984","armand56@gmail.com","price inc"
"isai spencer","1-365-916-0409","willa_ondricka67@hotmail.com","shields - o'reilly"
"alanis o'kon phd","1-273-311-6079","ramon.barrows58@gmail.com","d'amore - moore"
"carlos tillman","(421) 511-8571 x41573","ambrose9@hotmail.com","ullrich - jerde"
"arch williamson","1-348-588-6396 x934","anthony89@hotmail.com","jenkins, bayer and schmitt"
"mrs. jessica leannon","452.669.2544 x99559","eliane.mayer@yahoo.com","hammes, abshire and hackett"
"lafayette koelpin","145-524-3297 x171","juvenal_fay8@gmail.com","price - cartwright"
"mr. ardella durgan","526-306-7637 x545","tavares_tremblay@gmail.com","dooley, wisoky and corwin"
"ali braun","1-876-567-7173 x7691","eliane_kemmer63@gmail.com","d'amore llc"
"hermina keebler jr.","1-141-408-9058","lucious_wisoky@gmail.com","morar, heathcote and jakubowski"
"joaquin mueller","447.543.6294 x6683","edwina_okeefe96@yahoo.com","d'amore, braun and marvin"
"shakira schmeler","116-466-8839 x49047","estell_blanda@gmail.com","stehr - carter"
"stanley ebert","1-431-189-2934 x7371","cristal78@hotmail.com","kozey, waters and price"
"korey howe","1-420-574-5797 x0901","lempi_green88@yahoo.com","ward group"
"chauncey terry md","(992) 174-0553 x3469","zelda.cummings@yahoo.com","kuhn llc"
"eveline lowe","947-840-8280 x5613","dorian_runolfsson88@gmail.com","schulist group"
"malvina dare","296.409.8908","lilliana58@hotmail.com","gusikowski - bogisich"
"tanya rath","850-558-0466 x445","javon_schaden@hotmail.com","blanda inc"
"edgar mcglynn","476.468.2285 x882","romaine.kuhic@gmail.com","mante and sons"
"shakira wunsch ii","(277) 500-4281 x86215","madonna27@yahoo.com","ebert - runolfsdottir"
"meghan connelly","1-665-673-7251 x448","laila48@gmail.com","cummings, waters and mosciski"
"modesto gerhold ii","528.242.8531","pinkie_kerluke@gmail.com","legros and sons"
"ms. jedidiah rogahn","836-931-0296","camylle.kozey@yahoo.com","gaylord - gleason"
"mr. adalberto ziemann","1-506-046-9509 x96290","courtney_mcdermott@gmail.com","kautzer, hilll and macgyver"
"estel zboncak","(028) 702-1427","aniya.thompson@yahoo.com","huels - schaefer"
"al boyer","(192) 417-2705","jo.hettinger64@yahoo.com","volkman inc"
"josie ruecker","581-651-2373","alba_mayer@gmail.com","gaylord llc"
"samantha kris","604.468.8723","irma76@gmail.com","wyman - bauch"
"jaydon thiel phd","1-771-856-3067","magnolia.hayes@yahoo.com","beer, mills and mohr"
"valentine connelly","423.305.3185 x87440","angelina_streich@gmail.com","gutkowski, ondricka and stokes"
"john schinner","1-927-126-7880","maxine_hegmann@yahoo.com","braun, schmeler and bauch"
"general hermann iv","656.209.7677 x1322","margarett_hintz@yahoo.com","little - strosin"
"erwin wiegand","681.147.9205 x853","clinton_farrell@yahoo.com","prosacco and sons"
"mrs. amara simonis","1-660-122-7111","reilly33@yahoo.com","toy, rowe and bins"
"chaim schaefer","1-416-513-9089","skylar72@hotmail.com","watsica - fritsch"
"reed bartell","916.642.6162 x368","felipe_leuschke@hotmail.com","hills - bradtke"
"brielle ruecker dvm","(826) 206-3048","diego.reinger6@yahoo.com","larson, kohler and rempel"
"lewis king","810-365-1017 x119","tiffany68@hotmail.com","gusikowski inc"
"emmanuel adams","375.358.4187 x1609","ahmad_pollich@gmail.com","macejkovic, walter and durgan"
"marcel schimmel ii","1-100-944-6833 x745","amaya7@yahoo.com","torp, goodwin and king"
"henry borer jr.","829-023-0341","efren65@hotmail.com","bernier, runolfsson and o'conner"
"ozella corkery ii","(163) 083-4621","timothy_littel79@yahoo.com","boehm, spencer and o'reilly"
"amber bednar","195-122-8370","karley0@gmail.com","spencer - corkery"
"ricky konopelski","846-197-4139","jaeden.kautzer58@yahoo.com","johnson inc"
"yasmine kling","890-989-7304 x261","amelie.frami@hotmail.com","feest, kuvalis and grant"
"chaya labadie","(290) 672-4600","matteo_williamson14@hotmail.com","gorczany - oberbrunner"
"michaela morar","458.413.1467 x2533","libby53@gmail.com","russel - rolfson"
"daryl feest","269.730.8240 x7721","vladimir_jacobs@yahoo.com","dickens llc"
"allan jacobi","(720) 511-7965","colleen23@yahoo.com","jakubowski inc"
"ludie dach","465.035.6632 x708","davion_kassulke@hotmail.com","morar - dickinson"
"alisa abbott","1-496-616-8634 x722","everette_sawayn34@gmail.com","klocko, hammes and predovic"
"margret denesik","(697) 069-7466 x19811","lincoln_murazik59@gmail.com","gottlieb group"
"mac zboncak iv","(694) 701-1293 x05800","shemar.hintz@hotmail.com","dickinson - white"
"stacey cronin jr.","(160) 898-9831 x68152","norbert.jakubowski94@yahoo.com","quitzon - schumm"
"kari kilback","121.106.6803 x7730","lew.mueller@yahoo.com","padberg, kiehn and jerde"
"robin rutherford","1-729-686-3017 x018","taylor.ohara@hotmail.com","bernier group"
"johan hayes v","774-080-1189","dolores44@yahoo.com","gottlieb - quitzon"
"hettie breitenberg","1-370-287-8351 x160","maverick.braun65@yahoo.com","connelly group"
"mrs. laron auer","(726) 459-4631 x265","eladio32@hotmail.com","rodriguez and sons"
"moriah lockman","1-362-949-8453 x683","leanne.hermiston74@gmail.com","schmidt - hegmann"
"rowan harvey iv","1-645-138-7548","jaylen_stroman@yahoo.com","fay - doyle"
"mr. waylon schowalter","945-444-6796 x5694","carli_fay5@yahoo.com","romaguera - carter"
"antonio marquardt","607-338-9099 x8697","bulah62@yahoo.com","schroeder inc"
"matteo gusikowski","913.249.2918 x95262","collin40@yahoo.com","powlowski - boyle"
"marcelina mayer","765.777.8783","sonya51@yahoo.com","crooks, herzog and gutkowski"
"garth kovacek","448.341.0560 x990","vernon38@hotmail.com","hettinger - haley"
"mr. emiliano o'hara","1-138-540-9238 x4244","nathanael_ziemann51@hotmail.com","senger inc"
"alvis cruickshank","787-495-4116","robin56@yahoo.com","o'reilly - predovic"
"ruthie terry","832-470-6306 x772","ephraim82@hotmail.com","franecki group"
"deontae ziemann","647-018-2292","robyn.mcglynn@gmail.com","lind inc"
"harmony kilback","860-131-1780 x68578","larissa_torphy@yahoo.com","thompson, hessel and dooley"
"keanu metz","086.171.5785","maryse.bashirian@hotmail.com","konopelski, grimes and rippin"
"teresa krajcik","023-308-4396 x06135","jarret12@hotmail.com","hackett, cassin and bosco"
"haley tremblay","496.097.3381 x966","christine20@yahoo.com","schinner, dickinson and gaylord"
"judge koss","1-970-558-7137 x2173","willie.lubowitz77@yahoo.com","mertz llc"
"berry huel","(479) 289-7295 x6036","alanna_stamm15@yahoo.com","feil, greenfelder and barrows"
"jordane beer","293.980.7565 x489","layla.wisozk@gmail.com","schamberger - rowe"
"glenda runolfsdottir","395-273-1238 x870","maryse16@hotmail.com","kulas, rolfson and shields"
"geovanny hauck","(922) 948-2691 x04650","clemens_runolfsdottir@yahoo.com","sanford and sons"
"minnie pfannerstill","(977) 015-6436","berta.feil42@yahoo.com","howell - sanford"
"ashley zboncak","691.700.0341 x6860","eladio.reinger99@yahoo.com","tillman - morar"
"robyn kemmer","(443) 611-8140 x68904","malika33@gmail.com","lebsack llc"
"dimitri greenholt","1-037-755-6787 x202","aisha33@hotmail.com","okuneva and sons"
"mr. deon hickle","(946) 099-7790","carmel_morar30@yahoo.com","schuster group"
"fausto bashirian","680-801-1707 x31727","magdalena_pfeffer10@gmail.com","turner - pacocha"
"ms. brett daugherty","1-957-174-1016 x929","barrett.padberg@hotmail.com","cronin, boyle and green"
"dandre mayer jr.","1-388-529-8720 x09062","pearlie_abshire69@yahoo.com","green inc"
"orrin smitham","1-800-422-0037","kasandra_friesen@gmail.com","stroman group"
"carley pollich dvm","704.894.4432","ben.tillman@gmail.com","anderson llc"
"jadyn crooks i","750.463.3219 x31780","mallie_hahn0@yahoo.com","stokes group"
"annabell schmidt","(475) 557-9868 x030","rico.beier4@yahoo.com","wiegand llc"
"ms. lisandro fadel","1-375-489-3688","maynard_pfannerstill46@gmail.com","grant llc"
"griffin lowe","417-014-3557 x9355","zoie.schiller@yahoo.com","collier - mcclure"
"kendrick williamson","1-731-929-1837 x6507","madison.beer@yahoo.com","cremin and sons"
"jane kemmer","774.631.3019","leilani.corkery@hotmail.com","sanford - cronin"
"bethany cummings","1-457-470-1822 x666","madeline.willms@gmail.com","daniel group"
"darius mayert sr.","301.975.0965","sunny.crooks@hotmail.com","towne - bernhard"
"roger abbott","1-601-708-8131 x0119","toy19@gmail.com","pouros, paucek and hilpert"
"hazel sawayn ii","559-851-9743","columbus.davis42@gmail.com","greenholt, west and lindgren"
"lonnie kris","745.467.7084 x4634","jordi96@yahoo.com","lakin and sons"
"nova rogahn","(955) 616-7066","elsa.little42@hotmail.com","nienow - rice"
"judah moen","1-420-532-8714 x3065","karl25@hotmail.com","nolan - stracke"
"garry moore","340.451.8145 x7400","erick.hudson71@hotmail.com","runolfsson - prosacco"
"dorothy stiedemann","317-919-7043 x61744","quinton_renner76@gmail.com","beahan - harber"
"branson doyle","666-986-5736","casandra.ohara@hotmail.com","bergnaum, rolfson and rolfson"
"tracy dickinson","1-943-960-2316 x6488","sebastian.herman@hotmail.com","bechtelar - hammes"
"iliana kub dds","(965) 419-1317 x2860","nikita_legros@yahoo.com","emmerich - greenholt"
"damian homenick","518-048-8113","chyna65@yahoo.com","kuvalis llc"
"scarlett bauch","145.294.2832 x0925","justyn_olson42@yahoo.com","blick, luettgen and schmitt"
"dorcas blick","131.873.4608 x912","nedra54@hotmail.com","dibbert - bednar"
"leopold prohaska","165.859.7491","dannie.dare@gmail.com","murphy, robel and howell"
"winfield o'kon","(527) 067-8902 x4954","watson.quitzon@yahoo.com","hamill group"
"winfield yost","674.139.7159","tre_gutkowski22@hotmail.com","murazik, strosin and toy"
"zack macgyver","1-254-939-6994 x0444","viva.rath14@yahoo.com","mcclure, osinski and swift"
"freeman krajcik","217-161-6466","dessie60@yahoo.com","kuhn, rolfson and grant"
"joannie nitzsche","583-050-7361","lucinda_thompson@gmail.com","hahn, gulgowski and d'amore"
"ryan o'connell","(374) 735-5125 x07065","arnaldo25@hotmail.com","rice and sons"
"lukas mclaughlin","1-422-434-4368 x5247","jaunita_stracke@hotmail.com","harris llc"
"torrance frami","1-291-009-1522","rebekah62@yahoo.com","runolfsdottir inc"
"kayleigh bode","303.171.6085 x347","sofia80@yahoo.com","weissnat, schmidt and hickle"
"frederik kshlerin","1-934-026-5165 x3146","ova22@gmail.com","weissnat - lehner"
"harvey gaylord","1-888-353-8117","vidal4@yahoo.com","hahn inc"
"holden pfeffer","267-963-7739","ralph.corwin56@gmail.com","huel, wolf and mraz"
"nova emard","760-919-3535 x871","trinity.harris@hotmail.com","pfannerstill, kutch and von"
"loren cormier","(426) 071-6286 x776","jace_hirthe@hotmail.com","torphy - turner"
"mrs. braden waelchi","(119) 212-9294 x73222","eloise.daugherty61@gmail.com","ward group"
"eloisa koepp","1-775-217-8736 x72697","johnny44@hotmail.com","fadel group"
"shane cole","(158) 612-7972 x949","zena63@hotmail.com","dickinson, o'hara and kuvalis"
"dwight oberbrunner","1-389-705-8718 x124","malcolm_damore33@gmail.com","ebert - lakin"
"gail cummings","334.164.2783 x7596","kylee.oberbrunner50@hotmail.com","keeling - jerde"
"cordia boehm","242.941.8755 x0821","moses_runte@gmail.com","bashirian inc"
"domingo nikolaus","078.384.2107","etha35@yahoo.com","stehr, roberts and beahan"
"dejah schinner","1-876-040-9996","zackary29@gmail.com","abshire group"
"ivah runte","1-638-061-6261 x420","adela_gerlach@gmail.com","dickens - lowe"
"adrianna konopelski sr.","459.930.1215 x8114","marlen_jones@hotmail.com","leannon - schinner"
"emmett dooley","(573) 821-7249","clara22@yahoo.com","cole and sons"
"evie wunsch","(887) 906-1687 x810","jairo_walker@gmail.com","collins - blanda"
"raul wuckert dvm","1-683-525-6178","isadore16@hotmail.com","langosh - hilpert"
"lucy stanton","1-718-749-0744","ena42@yahoo.com","fahey group"
"lea hoeger","318-351-4639","carolyne95@yahoo.com","moore, luettgen and bartoletti"
"arne pacocha","(371) 432-3312 x146","fermin.reichert@yahoo.com","auer - von"
"georgianna johnson","086-435-0909 x1351","sydni93@yahoo.com","mcclure - koepp"
"berta koepp","(391) 142-7036","alicia_prosacco@yahoo.com","fadel group"
"maximilian hoppe","1-881-827-8454","sunny13@yahoo.com","beahan - klein"
"ricky hegmann","287.506.4333 x631","rey_jones@hotmail.com","harris, rowe and will"
"jack kertzmann","1-479-484-7334","genevieve_renner@gmail.com","jones, ryan and ernser"
"winnifred o'kon","(975) 976-5140 x189","savanah_osinski@yahoo.com","mckenzie, welch and wilderman"
"thurman olson","1-286-235-3666","jaquan.rau70@yahoo.com","kiehn - volkman"
"maybelle kozey","095-261-9954","tiara_spencer71@yahoo.com","predovic - stokes"
"sheila gutkowski","351.756.0635 x83932","chaim_halvorson@yahoo.com","orn and sons"
"dr. brady fadel","849.698.6434","trisha.zemlak74@hotmail.com","nolan - pfannerstill"
"tara hahn","187-686-9442","clarabelle7@yahoo.com","kunze - hirthe"
"hanna schimmel","1-203-924-8041 x36980","destin_streich@hotmail.com","schmeler - orn"
"neil wisozk","1-185-279-2806 x91288","eileen.jones@gmail.com","heathcote inc"
"emie dubuque","086.681.5903 x199","sophia.schowalter@gmail.com","rau - will"
"jose muller","971-595-7854 x492","heather.schamberger@yahoo.com","schuster, vonrueden and lemke"
"clint senger","334-562-6010 x1116","edwina_frami12@hotmail.com","doyle, greenfelder and schulist"
"adelia bradtke","215-838-2245","glenna_jast96@gmail.com","pouros, bogan and runte"
"miss neoma ward","049-479-2655 x3039","boyd_kshlerin@hotmail.com","kilback - batz"
"teresa kassulke","748-983-7209 x56564","elyse91@gmail.com","glover llc"
"stephania kuhic","(171) 383-3115","garland_hermann28@yahoo.com","gorczany llc"
"mrs. joshuah russel","434-683-4781 x4295","burnice.rogahn56@yahoo.com","jaskolski inc"
"berry kemmer","522-581-0912","amalia.sanford@yahoo.com","kessler, simonis and larkin"
"santina mitchell","1-745-149-7129 x872","fanny.fritsch95@hotmail.com","kris - weissnat"
"mrs. emory brakus","648-077-7912","margaretta.hayes@yahoo.com","schinner - rempel"
"ansel schowalter","1-023-817-9566","camilla_lockman@hotmail.com","kozey inc"
"derek zboncak dvm","438-828-5398 x95529","karen_fisher34@hotmail.com","donnelly, pollich and parisian"
"ansel conroy v","047.331.1365","dayana.turcotte@gmail.com","lowe, fadel and stoltenberg"
"valentine nader","375-264-4261","richie97@yahoo.com","schuppe llc"
"mr. neoma o'reilly","1-214-515-5712 x6354","yolanda.hahn@yahoo.com","howell, reynolds and muller"
"serenity hettinger","941.735.1283 x6346","lorenza.frami@hotmail.com","dubuque and sons"
"javonte parisian","1-385-281-6775 x508","jazlyn.lang@hotmail.com","koelpin, green and hagenes"
"elton rempel","455.589.7662","franco_kautzer33@hotmail.com","pagac, miller and beier"
"kyla nicolas","1-864-400-0105 x481","selena.wolff@yahoo.com","walter group"
"jerel barton","184-204-9041 x18054","maryse55@gmail.com","mante and sons"
"cristal stiedemann","(874) 203-5435 x02602","delphia_buckridge@gmail.com","larson - rowe"
"shayne hegmann","(823) 373-4606","zaria.schaden@yahoo.com","keeling - purdy"
"demarco paucek","770-455-3577","brady24@yahoo.com","pouros - lind"
"cedrick hessel jr.","1-110-093-5968 x4604","quinten_bosco@gmail.com","gleichner, lockman and homenick"
"robb predovic","041.628.6523 x994","loyce_abbott50@yahoo.com","gerlach, pollich and blick"
"jarret wisoky","1-757-558-5541","johnson49@yahoo.com","borer, mann and lockman"
"wilburn lueilwitz ii","620-357-5155","guido81@yahoo.com","reichert, bednar and lindgren"
"ethel harris","(500) 842-5583 x78844","kristin_koch4@gmail.com","hamill - romaguera"
"ayla wunsch md","743-519-4221 x34545","kavon1@hotmail.com","dietrich - pouros"
"carson macgyver","(360) 809-3928 x8205","julius_kautzer4@gmail.com","gorczany - bailey"
"jaiden cassin","(193) 359-5141 x472","nicholas25@gmail.com","ziemann, bosco and doyle"
"brannon ritchie","753-655-5317 x22745","liana89@yahoo.com","tromp, grant and fahey"
"miss camryn nolan","1-736-838-8785","rodrigo_cormier42@gmail.com","schuppe and sons"
"aniyah flatley","727.127.4595 x9076","lillian9@hotmail.com","stroman - fadel"
"heloise senger","(176) 883-0083","glenna.feest78@hotmail.com","wunsch - lesch"
"susanna schneider phd","1-627-018-1026 x2505","newton_armstrong96@yahoo.com","pollich - kautzer"
"dr. berenice bayer","1-518-808-1007","emerson_metz33@yahoo.com","cummerata - reilly"
"charlie lesch jr.","721-412-7596","luna_johnson29@yahoo.com","witting - jacobson"
"lamont erdman dds","460.095.6791","ova_beier@hotmail.com","nienow and sons"
"daisy steuber","948.630.0111","shemar0@yahoo.com","kutch group"
"hyman harber","(112) 280-6755 x42115","citlalli.purdy@hotmail.com","kunde, kohler and lueilwitz"
"emmanuelle runolfsdottir","1-184-984-7234","dejuan_goodwin@hotmail.com","willms group"
"yoshiko rutherford","525-268-0983 x231","garrett_muller@hotmail.com","walter and sons"
"monica baumbach","(504) 623-1722","russ_pollich72@gmail.com","pagac, pfeffer and johns"
"lorenzo hamill","1-482-432-7065 x784","edna84@gmail.com","renner, bergnaum and ryan"
"jamel kertzmann jr.","(237) 512-4889 x9342","devonte.smitham84@gmail.com","schuster, schamberger and murphy"
"michale torp","(975) 612-7188 x23662","delia.labadie@gmail.com","dicki llc"
"maximo bernhard","(686) 645-5267","greyson_nikolaus@hotmail.com","paucek group"
"daija cole","1-717-017-4762 x2637","davin37@gmail.com","rutherford group"
"jesse monahan","776.831.4860 x36725","valerie_strosin@yahoo.com","rau llc"
"dr. seth kemmer","410-743-9408 x43011","estevan50@hotmail.com","dickinson llc"
"ozella ernser","110-237-2321 x463","emmy.heller62@hotmail.com","o'hara - green"
"allene hand","1-977-449-5129 x54219","howell_breitenberg@yahoo.com","cummerata group"
"hassan wehner","238.430.6230 x525","jed.beatty@hotmail.com","von, metz and nader"
"ms. jesus hartmann","1-702-837-9710","barrett_kris@yahoo.com","gleichner - wilderman"
"gilda mante","1-496-371-2302 x16527","clementina.rempel93@yahoo.com","willms - becker"
"abagail hodkiewicz","963.105.5311 x71134","freddy_effertz@yahoo.com","schneider, gusikowski and daniel"
"vladimir hauck","1-917-296-5667 x4649","gilda.schuster@hotmail.com","strosin - tromp"
"isom towne","(135) 329-3396","mitchel.nicolas@hotmail.com","yundt, johnson and bashirian"
"aaron morissette","1-674-659-5109 x94749","hank.turner@hotmail.com","swift group"
"elwyn nicolas jr.","1-846-757-2179 x612","russell_harvey93@hotmail.com","hand inc"
"mrs. javonte collier","(105) 156-8586 x501","foster.vonrueden@gmail.com","reinger, padberg and rippin"
"easter glover ii","1-088-808-5308 x872","marilou_walker@yahoo.com","lang and sons"
"mireille ledner","(102) 151-5810","abigail.von@hotmail.com","waelchi, macgyver and tillman"
"augustus block","269-984-1230 x642","henriette_oreilly43@yahoo.com","heller - kuhlman"
"elwyn adams","1-450-908-1617 x024","joaquin_moen65@hotmail.com","eichmann group"
"chanelle deckow","165-062-3293 x90549","adriel22@gmail.com","schoen - okuneva"
"velva wiza","121-793-8093 x16307","tatyana41@yahoo.com","bailey and sons"
"alysha kuhlman","1-289-033-4463 x869","abner.glover@hotmail.com","kris group"
"kayley crooks","569.656.1607 x72468","caleb16@hotmail.com","klocko llc"
"maynard flatley","(316) 023-9465 x1460","stanford56@hotmail.com","turner and sons"
"urban skiles","1-722-845-5840 x8990","sharon0@gmail.com","donnelly - turcotte"
"melvina kutch","517.657.2649","allison23@gmail.com","kreiger llc"
"arely grant","(162) 383-2768 x871","jordane_bosco43@gmail.com","collier inc"
"naomi mraz sr.","376.687.8671","marlin_larkin@yahoo.com","lind inc"
"miss nelda glover","(287) 761-5198 x121","mylene_bruen@yahoo.com","conroy, heaney and dickens"
"keanu lakin","1-493-561-2147 x41204","leanne49@yahoo.com","lockman and sons"
"mr. jordyn nitzsche","754.890.7708","gerardo.wolff15@yahoo.com","strosin, crona and wisozk"
"bridie watsica","864.351.7812 x35827","christopher_ortiz41@gmail.com","mcclure and sons"
"merlin turner","469-997-3130 x531","ryann97@hotmail.com","halvorson and sons"
"leif monahan","1-513-600-6542 x153","trystan82@gmail.com","o'reilly and sons"
"diamond wiegand","492-230-0725 x2508","karelle59@hotmail.com","bogan - goyette"
"fleta wuckert","846-323-4622","hallie86@hotmail.com","batz, pfannerstill and stracke"
"julius schamberger","1-447-068-1381 x6438","alden50@gmail.com","upton, brakus and lang"
"kane daniel","(047) 109-1822","angus_barrows@hotmail.com","thiel inc"
"rosendo miller","(550) 539-9649","bertram_herzog@hotmail.com","kunde, donnelly and boyer"
"brendan yundt","1-465-199-7978 x67037","ansel_stiedemann@yahoo.com","mann group"
"mathilde bechtelar","(026) 042-0184","naomi_maggio@hotmail.com","mann and sons"
"alysa streich","(721) 038-8139 x5417","cassidy.heidenreich@gmail.com","grimes inc"
"lela crooks","(566) 581-8155 x684","wilfredo.cole92@yahoo.com","cassin and sons"
"jordon west","754.256.3850","houston.schimmel76@gmail.com","wehner - nikolaus"
"enrico littel","665.389.4234","heloise.bergstrom69@yahoo.com","tremblay, reichert and conroy"
"sophia rempel","1-092-284-2247","alvina_okon@hotmail.com","hammes - kunde"
"otis quigley","740.527.1970","retha33@hotmail.com","bogan llc"
"americo lindgren","836-814-5372 x8435","zachary.dare@gmail.com","leannon and sons"
"scot feil","835.515.0710 x3198","norwood_lind11@yahoo.com","kuphal - schamberger"
"chadrick hamill","763-311-4964 x90363","shanelle33@gmail.com","bradtke - hansen"
"clifford carter","093.622.7115 x704","jeffery.franecki93@yahoo.com","hintz - crist"
"deja lockman phd","825.543.5468 x11358","ivy76@yahoo.com","stracke - will"
"mr. abigale turner","(181) 267-9375 x98556","misael57@hotmail.com","brakus - senger"
"elsa macejkovic","1-304-630-7989","jazmyne_abernathy96@gmail.com","jacobs llc"
"katarina mertz","(373) 104-2744 x278","caden.fay@hotmail.com","littel llc"
"rosalyn wolff","976.261.2402","nat60@gmail.com","strosin - wiza"
"ike schuster","1-773-386-1477 x2192","sonny81@hotmail.com","ferry, graham and ziemann"
"miss daphne boyer","139.469.7425","javon_lehner4@yahoo.com","mccullough, kreiger and cormier"
"eliane altenwerth","454.426.1265 x0996","ashly_kerluke@gmail.com","dietrich - trantow"
"diamond boyle","1-131-950-7922","moriah95@hotmail.com","hirthe inc"
"hilario gislason","857-045-1863 x7019","russell.ryan@gmail.com","ruecker, smith and waters"
"tobin flatley","023.255.2520 x321","wiley.hermann41@gmail.com","rowe, dicki and ondricka"
"marques rau","454.698.1319 x09194","christ.johnson@hotmail.com","kassulke, tillman and spencer"
"howell corwin iii","029.216.0629","lucienne_sanford20@yahoo.com","hartmann and sons"
"antoinette kuhlman","684-400-3094 x532","jermey92@gmail.com","jacobi, zulauf and grady"
"enoch trantow","476-430-6069 x822","consuelo10@gmail.com","metz - nitzsche"
"tremayne cummerata","977.299.1892 x52635","margarette61@gmail.com","muller - mccullough"
"alf mclaughlin","(026) 058-7371","darion52@gmail.com","carter - flatley"
"marlin beer","955-420-6278 x1773","ewald_klein29@hotmail.com","cremin and sons"
"jovany skiles","798-052-8618 x321","jennings.conroy98@hotmail.com","lehner, gibson and abshire"
"santos lehner","375-402-3253 x1511","winona79@hotmail.com","kemmer, rodriguez and oberbrunner"
"kathlyn hickle sr.","1-514-770-8564","griffin76@hotmail.com","cronin and sons"
"misael funk dvm","093-696-1807 x92306","adela.block@hotmail.com","funk inc"
"christa rosenbaum","1-963-523-4737 x138","trace_nicolas@gmail.com","lehner - lang"
"aliyah hermann","704-284-3945","kelley.hartmann66@gmail.com","hammes, marks and eichmann"
"cecil rutherford","1-002-904-3344 x4093","jacinthe92@hotmail.com","wunsch - schoen"
"rhiannon schimmel","915-590-2255 x76097","rosamond33@hotmail.com","cormier group"
"kelvin bechtelar","1-300-542-0277","bertrand.mayert24@gmail.com","dare - runolfsson"
"ms. trinity hirthe","685-358-3582 x24205","kellie63@yahoo.com","grimes, sauer and hamill"
"ryder hackett iii","(861) 954-0371 x3639","kattie_friesen@yahoo.com","schultz, hoppe and abshire"
"annetta will","564-703-3954 x017","delaney98@hotmail.com","lindgren, morar and stehr"
"delphia block","418.781.8947","cecilia22@gmail.com","kertzmann - barrows"
"brown rodriguez","153.903.6229 x881","uriel.hirthe16@yahoo.com","pfannerstill - schaden"
"terrill mayert","(789) 595-1330","alivia70@hotmail.com","klein and sons"
"brendan weber","604.421.3026 x1503","reba.kautzer13@hotmail.com","eichmann group"
"miles kunde iv","(989) 433-8146","electa.trantow87@hotmail.com","bode group"
"antonio mills","(317) 804-9247","baby68@yahoo.com","schinner, reichert and prohaska"
"stacy waelchi","1-186-276-0175 x0506","eleonore_kihn@hotmail.com","murphy inc"
"bernice turner ii","1-053-470-9198 x1522","randall_gleason30@hotmail.com","king, wisozk and hansen"
"mrs. lauren muller","509.660.2803 x6093","berneice65@yahoo.com","trantow and sons"
"theo bernier","578-058-1534 x695","ludwig12@gmail.com","homenick - kertzmann"
"emiliano ferry","(266) 727-2045 x0988","vaughn.spinka@gmail.com","herzog, jerde and wintheiser"
"dewayne o'connell","(815) 560-0784","kaley8@yahoo.com","block - pouros"
"tyrese zboncak","652-459-8846","gianni_johnson32@hotmail.com","greenfelder, white and fadel"
"mae lesch","1-648-311-8026 x1315","hayley93@gmail.com","fadel, walter and lockman"
"annamarie corwin","939-434-6211 x257","madaline56@hotmail.com","dare llc"
"emmanuelle bode","045.149.3106","abner92@yahoo.com","davis, blanda and blick"
"giovanny robel","843-345-9586 x066","earl75@gmail.com","schaden - stanton"
"dena swaniawski","1-582-666-7697 x87906","tito_deckow@hotmail.com","weimann, wisozk and hermann"
"neal harvey","1-497-083-1193 x9480","marie41@yahoo.com","christiansen - lynch"
"ms. quincy kutch","793.386.0226 x84878","shayna.kunze56@hotmail.com","beer llc"
"odie mayert","044.456.1507 x487","luciano.oconner91@yahoo.com","beer, casper and hahn"
"manley dickinson","833.673.8788","elody.oconnell@yahoo.com","runolfsdottir inc"
"ms. noelia greenfelder","(392) 951-6276 x4230","delta_jacobson@yahoo.com","wuckert, kovacek and hintz"
"erich pacocha","303.407.2384","webster73@gmail.com","lindgren inc"
"lyda homenick","840-915-4804","turner87@yahoo.com","hackett llc"
"laurianne daugherty","(152) 371-2223 x65022","alexie_metz46@yahoo.com","ebert, schoen and mitchell"
"arvid greenfelder","783-518-1950","johnathon31@hotmail.com","white llc"
"dane rice","739.723.2359","brooks.hilpert@hotmail.com","armstrong, halvorson and witting"
"edwardo kunze","342-647-2590","rosie_ondricka19@gmail.com","schinner, hagenes and langworth"
"terrill bednar","(490) 423-2117","odie.bartoletti@gmail.com","cummerata group"
"mariano grimes","152-205-1713 x935","jennings42@hotmail.com","hegmann group"
"abigail schmitt","1-908-878-3479 x9165","hershel_swift88@hotmail.com","kuhlman, roob and larson"
"cade marquardt","226-052-6371 x119","lexie.wintheiser@yahoo.com","roob group"
"nicolas jones","1-611-567-5885 x53343","frederic_dibbert46@yahoo.com","strosin, emmerich and schaefer"
"bryon schmidt","612.805.7459","serenity53@hotmail.com","hayes - ziemann"
"efrain o'conner","894-357-2483 x238","enid71@hotmail.com","schmeler - walsh"
"noel dach md","(585) 524-4399 x891","foster_harvey@yahoo.com","powlowski - hickle"
"luella gusikowski phd","(796) 951-4675","cielo.kub@hotmail.com","larson llc"
"margie kozey","1-282-626-1595","alf.beatty@gmail.com","effertz - doyle"
"rosalee sporer","911.219.9375","darrick_murphy@gmail.com","welch group"
"addie armstrong","951-577-9362 x61315","orion_predovic97@hotmail.com","abshire - koss"
"keon rutherford","(847) 424-3487","freeman_littel@gmail.com","kreiger, strosin and wiegand"
"meaghan yost","112-695-8617","marcelle_fahey99@hotmail.com","bosco, treutel and watsica"
"iva aufderhar","944-971-8709 x3475","noe.pollich@hotmail.com","herman group"
"ryleigh dickinson","(594) 822-4644","ernesto.schaefer17@yahoo.com","dibbert - konopelski"
"kamille leuschke","1-826-778-1239 x664","abbie_gusikowski51@hotmail.com","armstrong llc"
"reva krajcik","592.859.0345 x94705","vicenta42@yahoo.com","west, smitham and king"
"kiarra goodwin","871.280.4470 x91636","adan30@hotmail.com","friesen - johnson"
"shawna nienow","239.719.9537 x95336","lauren2@gmail.com","mante group"
"mr. cleve schuppe","1-689-561-3100","gerard.weissnat88@gmail.com","leannon, wehner and kris"
"alanis lueilwitz","989-079-3538","lane57@gmail.com","stehr - reichert"
"haven hermiston","(787) 527-9181 x10190","haleigh26@gmail.com","rodriguez inc"
"myah cruickshank","791.593.0526 x4328","prudence.mclaughlin@gmail.com","bode, jacobs and schmitt"
"dorian baumbach","1-518-061-7630 x1162","taylor_fadel89@yahoo.com","schmitt and sons"
"ethelyn sipes","1-266-038-8806 x47595","taylor.witting51@gmail.com","blanda, turcotte and luettgen"
"ivah gutkowski","1-511-465-7915 x21121","michele_grady@gmail.com","gottlieb and sons"
"johnathon gleichner","404.101.5431 x3146","ariane.tremblay@hotmail.com","jenkins, rodriguez and hauck"
"owen simonis","530.021.6621","robbie45@gmail.com","johnson, lockman and greenholt"
"carmelo langworth","549.730.0609 x928","cassidy98@yahoo.com","daniel - boehm"
"teagan halvorson","1-477-907-7929 x9432","pedro.wolf@gmail.com","bartell, rath and heaney"
"jackie harber iii","(468) 903-2460","esmeralda87@yahoo.com","jast, hilll and altenwerth"
"therese halvorson","1-651-757-6108","christopher_marks23@hotmail.com","baumbach - koss"
"roberta brown","784-492-7472 x36355","tracy81@hotmail.com","gaylord and sons"
"madaline nicolas","(918) 466-0931","marcos80@yahoo.com","mcglynn, vandervort and douglas"
"gwen dietrich","652-228-8403 x1919","jermain56@yahoo.com","waelchi - schiller"
"margarete grant","459-749-9447 x55065","scotty_homenick92@gmail.com","hills, bailey and hintz"
"elvie skiles","1-783-945-2020 x89270","gregoria_nienow@yahoo.com","gaylord and sons"
"dr. daron ratke","968.904.6702 x061","anya71@hotmail.com","rippin inc"
"chad farrell","1-327-686-4468","lilla_bruen@yahoo.com","mohr group"
"rogelio zulauf","800.155.2332 x273","julio.lynch66@gmail.com","stamm, wolf and gleason"
"damon weimann","245.588.8189","jason.harber47@gmail.com","torp and sons"
"joanne krajcik","240.907.3435","cody.kautzer48@hotmail.com","veum group"
"wallace o'conner","1-544-989-9421 x9589","sister.adams82@hotmail.com","bahringer - ruecker"
"oliver simonis","(764) 874-2711","lexus4@gmail.com","rogahn - wehner"
"cathrine altenwerth","(344) 207-4412 x533","grace.bernhard66@gmail.com","blanda, ward and kozey"
"bobbie daugherty","1-207-068-0655","saul91@gmail.com","haag - reynolds"
"paul reynolds","536.704.3682","muriel17@gmail.com","sawayn llc"
"jacky dickens","521-476-9328 x922","wendell13@yahoo.com","emard - schmeler"
"donato feeney v","417.779.0483","americo40@hotmail.com","wilderman - gorczany"
"sigurd gleichner","247-578-9242","geo16@hotmail.com","turner, dickinson and metz"
"telly herman","505-056-0754","ladarius80@hotmail.com","dooley - kassulke"
"judy daugherty","578-941-2015 x284","tianna.fahey66@yahoo.com","king group"
"dr. emilia boehm","927.352.3606","justyn_smith@hotmail.com","stracke, cassin and hudson"
"jennifer heidenreich","(302) 932-7882 x734","riley.hamill84@yahoo.com","shanahan, metz and hermiston"
"jace bins","776-092-0829","buddy0@hotmail.com","emard, mante and schamberger"
"damien luettgen","(316) 250-0664","elisa.heathcote27@hotmail.com","grimes inc"
"sierra hills","804-043-0326 x0703","norris95@hotmail.com","schaden and sons"
"abbigail stoltenberg","1-280-334-1070","earnestine_willms15@gmail.com","miller - lynch"
"gia stracke iv","916-196-0676","jacynthe.barton@hotmail.com","weimann - lindgren"
"dorthy wiegand","478.564.5503 x942","evangeline_kunze30@hotmail.com","barton inc"
"glenna anderson","018-812-1638 x826","kurtis44@yahoo.com","kihn, mayer and witting"
"mckayla hudson","(439) 282-4953 x005","johnny44@yahoo.com","abshire - boehm"
"dudley larson dds","699.366.3111 x321","juana.green@yahoo.com","renner, cummings and o'conner"
"mrs. abigayle crona","1-092-230-2455 x52305","michelle_herzog8@gmail.com","williamson - johns"
"berneice ankunding","484-089-2363 x3703","mikel.schulist@yahoo.com","armstrong - aufderhar"
"everette schinner","1-473-261-1404 x44331","kaley10@hotmail.com","carroll - ryan"
"annie batz","968-345-0274","leonardo_mcdermott68@gmail.com","fay - becker"
"justine marvin","869-965-4890","blair13@hotmail.com","waelchi - kuvalis"
"natalia hane","642.157.7783 x9873","eveline.gleason42@yahoo.com","conn, kunze and o'kon"
"karina nicolas","1-516-129-9809","gideon1@gmail.com","donnelly - kilback"
"devyn mcglynn","1-733-299-5462 x2725","zachariah.schmitt@hotmail.com","barrows - schinner"
"everette willms","1-382-266-9014 x146","katelin64@gmail.com","torp - lakin"
"deshawn purdy","219-340-1954 x414","arlie56@gmail.com","gleason and sons"
"lorna donnelly","999.815.0462 x63392","sandra44@yahoo.com","macgyver, rolfson and marvin"
"miss ivy gislason","423-107-5801","arely58@gmail.com","weissnat - mante"
"alana legros iv","470.581.4481","reginald17@hotmail.com","stroman - miller"
"sasha kessler","(149) 198-4449 x43191","jerrell48@yahoo.com","schulist inc"
"etha dicki","(450) 887-7503","marjorie.bosco89@yahoo.com","dare, howell and zulauf"
"mrs. taryn howe","735-077-3561 x92976","kelsi.reilly85@yahoo.com","ankunding, nolan and kerluke"
"osborne o'keefe","1-245-073-1355","idell95@gmail.com","schneider, spinka and morissette"
"izaiah heidenreich","1-089-181-0717 x489","finn.kozey@yahoo.com","hettinger inc"
"alena beer","339.579.7887 x0281","eleanore.miller@yahoo.com","gottlieb - blick"
"mr. rosalyn crist","1-991-457-1634 x5811","jennings.stark22@gmail.com","corwin, gutmann and haag"
"noelia stoltenberg","1-594-286-3248 x4890","velma12@hotmail.com","weber - kulas"
"vallie friesen","(293) 452-0151","claudia_donnelly@gmail.com","weimann - moen"
"waylon pouros","689.398.3403","gerson94@hotmail.com","hyatt llc"
"karianne kuhlman","093-001-7413","queenie.turner@yahoo.com","durgan llc"
"dr. kevin lehner","009-089-2946 x00617","esperanza15@gmail.com","barton, christiansen and batz"
"erika spinka","1-619-350-7989 x4001","chesley.feest@hotmail.com","brown inc"
"clarabelle schaefer i","1-675-723-2041","hassie.jacobson@yahoo.com","hoeger - jacobs"
"cleo schimmel","700.650.9316 x666","jon81@hotmail.com","kuvalis, rowe and vandervort"
"natalia prosacco","841-210-3162","vincenza_pacocha@yahoo.com","rodriguez - kreiger"
"marlon maggio","949-767-7987 x8316","saige.toy28@yahoo.com","champlin, dooley and gaylord"
"boris friesen phd","(491) 227-5692 x2768","rickie.shanahan@hotmail.com","kunze - cummings"
"lucie schmeler","172-530-4118","rocio23@hotmail.com","becker, russel and stiedemann"
"pearline miller","524-838-1070 x59808","jayda72@hotmail.com","emard and sons"
"eddie ward","022.125.7005","brandi_rosenbaum@hotmail.com","leannon, shanahan and reilly"
"dax kiehn phd","1-097-570-2346 x10588","domenick.wunsch@hotmail.com","hackett - bayer"
"miss erna crooks","660.411.1715 x89009","leif_von61@yahoo.com","sauer llc"
"mr. lilly reichert","1-144-629-4038","robb.haag@yahoo.com","schultz llc"
"sanford donnelly","057.480.7131 x621","delta.upton@yahoo.com","ledner and sons"
"liliana powlowski","990-188-7270","ariane13@hotmail.com","walker group"
"elise bernhard","677.422.4728 x31833","virgie.conn67@yahoo.com","fritsch group"
"brandyn stoltenberg","1-872-005-7375 x5252","euna30@gmail.com","goyette inc"
"ms. adriana runolfsdottir","1-924-017-5461 x15069","amina35@hotmail.com","dare, romaguera and watsica"
"darren jakubowski","508-612-3364 x058","orie_marquardt@hotmail.com","harber - feest"
"mozelle lueilwitz","1-778-090-2213","zora29@gmail.com","feil - little"
"karianne witting dds","1-044-868-5482 x838","eileen.thompson@hotmail.com","hills llc"
"oliver nader","(285) 386-4122","lindsay22@gmail.com","gutkowski and sons"
"arnulfo blick iv","1-979-754-2102","savannah_leuschke99@gmail.com","mcclure group"
"mrs. ansley bode","1-603-327-3353 x96314","keith_miller@hotmail.com","lynch - schroeder"
"palma aufderhar","1-221-669-1680 x48672","vernice.greenfelder44@hotmail.com","schaden and sons"
"noemie d'amore","1-449-030-7671 x53915","jerome64@yahoo.com","torphy group"
"ewell hahn","368-463-3201 x22232","naomie.will@yahoo.com","kulas and sons"
"daron herman","797.106.2286","arielle36@hotmail.com","braun, monahan and jenkins"
"mrs. rossie hackett","(320) 840-3037","tremayne_bahringer@hotmail.com","wisoky and sons"
"margarete kling","(978) 753-6966","connor_ohara86@yahoo.com","armstrong llc"
"justen schamberger","(812) 660-1091 x4410","buddy_stoltenberg7@gmail.com","considine - kuvalis"
"mrs. ova williamson","628-086-6493 x34934","miles_dooley@gmail.com","legros - walsh"
"carmel wolf","558.811.7514","tevin18@gmail.com","casper - stracke"
"gardner balistreri","392-871-6434","shaylee_hoeger65@hotmail.com","reynolds - crooks"
"ms. vanessa dickens","806.010.6920 x303","jayda.swaniawski53@hotmail.com","rohan and sons"
"leonora rogahn","888-997-2541 x034","lew_schuppe82@gmail.com","hodkiewicz group"
"emilie tromp","901-078-0732","anabelle_kiehn20@yahoo.com","schuster - parisian"
"bulah ratke","(277) 136-4242","judge_langworth63@yahoo.com","tillman, dare and block"
"burnice aufderhar","381.592.2369","estell.dibbert33@yahoo.com","wyman, jakubowski and strosin"
"zakary schoen","1-479-595-7084 x4606","deondre.monahan@yahoo.com","bechtelar, simonis and ankunding"
"wilfredo grimes","176-576-9913","jude.beier@gmail.com","steuber - fisher"
"danny crona","1-917-508-9613 x7200","maximus_macejkovic67@gmail.com","wilderman - kozey"
"sister heidenreich i","(645) 743-7869","tess.jones31@yahoo.com","fay, torphy and gleason"
"santiago bayer","201-163-5273 x4761","jermaine.bauch@gmail.com","koss - cronin"
"clara hegmann","164-709-0181","carley.lebsack@hotmail.com","casper, quitzon and moen"
"mr. cathrine koepp","022-641-0793","kiara44@hotmail.com","keebler - erdman"
"vicente renner","212-555-7934 x7950","sienna_prosacco38@gmail.com","bednar, goodwin and wiza"
"destini wyman","562.099.4736","alanna65@hotmail.com","padberg - tillman"
"jess hansen","790.428.8868 x04070","alfred_durgan35@gmail.com","hayes group"
"kristy greenfelder","298-424-5638","jack_schowalter@hotmail.com","goyette, ziemann and beer"
"quinton kirlin ii","1-843-136-6313 x989","lillie.harris90@yahoo.com","marquardt - farrell"
"raina konopelski","616-277-5356 x3812","reanna_leannon@hotmail.com","roberts, adams and schoen"
"alf grady dds","089-755-7378 x719","keenan88@hotmail.com","reinger - leuschke"
"lauretta reynolds sr.","(096) 017-1111 x22238","lelia3@gmail.com","koelpin, bashirian and kemmer"
"lauren senger","584-710-1926","lavina97@hotmail.com","dibbert - fritsch"
"jena rolfson","372-579-4345 x59871","caitlyn_blanda@hotmail.com","altenwerth, bogan and stracke"
"bertram daugherty","821-871-1465 x57061","judson.hauck@hotmail.com","douglas, stroman and kunze"
"brianne stehr","089-219-6252 x78784","sabryna_graham21@gmail.com","lind - eichmann"
"mrs. fiona beahan","1-897-313-2603","sallie_moore82@yahoo.com","turner group"
"tia shanahan","853.576.1912 x25357","rose.batz@hotmail.com","botsford - ritchie"
"skyla heller","075-228-5540 x003","parker60@gmail.com","kassulke inc"
"amanda collins phd","1-876-976-0233 x645","ettie_borer53@gmail.com","brown - parker"
"miss wilma nader","486-780-6890","casimer_lubowitz@yahoo.com","larson, mayer and macgyver"
"jedediah mckenzie md","(649) 158-0205 x4775","krystal.conn81@yahoo.com","christiansen, hudson and rempel"
"kristin mosciski","329-672-5646 x5924","orie42@gmail.com","grimes, johnson and aufderhar"
"pattie funk","(449) 595-7258","zelma_west14@gmail.com","stroman group"
"colby ankunding","344.490.2518 x42581","lupe_baumbach70@hotmail.com","zulauf, blanda and stehr"
"adalberto hudson","236-563-3424 x302","hollie.okon27@hotmail.com","hilll - veum"
"rashawn champlin","(192) 667-3310 x313","gerardo_quitzon@yahoo.com","mayert - rolfson"
"dr. osbaldo keebler","947.806.7575","muhammad.little44@hotmail.com","stokes group"
"elinore howe","1-824-200-1754 x1198","marie16@gmail.com","walter - block"
"london toy jr.","(521) 071-3160","eduardo13@yahoo.com","davis - hyatt"
"carlotta batz dvm","(592) 014-7709 x3499","susana_witting@yahoo.com","mcclure group"
"dulce tillman","1-408-621-2411 x6492","casimir_hilll38@yahoo.com","wiegand, nienow and weimann"
"loyce price","(584) 975-5572 x419","linnie.dach@hotmail.com","metz, dicki and brekke"
"rafaela schulist","(527) 138-6704","demario.weimann@gmail.com","nolan llc"
"mr. fredrick walter","141.195.2178 x402","rickey_rau@yahoo.com","bauch, mayer and wintheiser"
"mr. kaci johnston","644.282.5896","hester53@hotmail.com","moen - kuhn"
"victoria wiegand","1-180-143-0990 x67208","anya.halvorson@hotmail.com","windler, ryan and pacocha"
"mr. katherine d'amore","(535) 727-2181 x38573","brent11@hotmail.com","turcotte inc"
"adrien farrell","(188) 175-6124 x976","sabrina69@hotmail.com","rohan - schamberger"
"chelsey kohler","1-313-721-7800 x932","maiya.thiel@yahoo.com","hamill, hammes and bode"
"blanca veum","(324) 502-6119","leila60@yahoo.com","mertz inc"
"sadie ebert","1-889-166-5662 x01632","madelyn2@gmail.com","dare - murazik"
"letitia watsica","1-125-907-7822 x35199","gregg.koelpin@gmail.com","schaden inc"
"randi willms","1-878-734-2315 x062","bret.okon@gmail.com","heaney, gerhold and morissette"
"arlene bayer","(330) 934-1045 x262","reba_ledner86@gmail.com","boyle, hessel and mertz"
"finn homenick jr.","(301) 933-7412 x00565","haylee6@yahoo.com","konopelski llc"
"heidi abbott","1-522-757-5562 x92568","amari_mraz@yahoo.com","kiehn - goyette"
"marian murray dds","1-190-244-1145 x4137","genesis_rutherford@gmail.com","cummerata, west and reilly"
"maida halvorson","(924) 862-8336 x4337","alysha34@hotmail.com","hermiston, mraz and vandervort"
"camille kilback sr.","1-780-145-5605 x160","arnoldo95@gmail.com","farrell, gutmann and mckenzie"
"jeromy okuneva ii","117-018-0146 x92380","jessika71@yahoo.com","gislason and sons"
"eloisa reinger","(387) 120-3334 x74706","ali12@yahoo.com","ankunding, weber and cummerata"
"dominique swift v","(480) 311-3046 x6934","ramona.fahey13@yahoo.com","wisozk, gorczany and d'amore"
"gwen greenholt","(067) 971-1285","demond49@hotmail.com","wilkinson, nicolas and blick"
"eldon pacocha","118-961-5651 x7895","branson52@hotmail.com","lockman - bauch"
"janelle connelly","1-771-968-9765 x79343","ava_funk@yahoo.com","mertz inc"
"curtis romaguera","973.611.5979","kayleigh.grimes3@hotmail.com","johnston group"
"jamir batz","(675) 118-2185","waldo_damore@hotmail.com","schaefer and sons"
"nico brekke","1-163-458-3577","yazmin_wiza76@yahoo.com","schmitt - monahan"
"vinnie sipes","(730) 102-0805","joanne55@gmail.com","boehm, maggio and zieme"
"nicola koss","653-150-0234","victor.spinka@gmail.com","strosin, smitham and sawayn"
"edyth torphy","1-773-676-7079","frieda_stoltenberg99@yahoo.com","vonrueden - keebler"
"sterling lindgren","788-428-8345","consuelo.klocko@yahoo.com","bruen, bartell and schneider"
"miss donald dickinson","515.668.6237 x30288","samara0@gmail.com","rolfson, jacobi and murazik"
"vivienne terry","459-334-5751 x27070","melba.kuhic@gmail.com","powlowski group"
"rodger dooley","1-014-164-2902 x6016","wilburn11@hotmail.com","stamm group"
"maxie hegmann","(750) 417-9708 x2423","jay.fisher73@hotmail.com","wolf and sons"
"irwin von","510-141-9429","leann_mcdermott@yahoo.com","kassulke, barrows and cassin"
"otho douglas","(813) 309-0006","herbert47@yahoo.com","lang, kshlerin and gibson"
"ellie goodwin","(139) 778-0999","kylee76@hotmail.com","luettgen group"
"ayden ledner","1-685-075-8506 x28501","gino41@gmail.com","becker group"
"kieran bartell","1-625-322-8635 x07157","gretchen.mueller52@gmail.com","bernhard and sons"
"grover sanford","(938) 862-5780 x626","elta.powlowski51@yahoo.com","howell - hayes"
"annamae tremblay","071-851-9945 x1961","sage_schultz1@hotmail.com","bailey group"
"lacy towne","488.137.3447 x80818","luna.stark@gmail.com","hand - bernier"
"alyson becker","(437) 738-2495","garett_kuhic57@gmail.com","erdman llc"
"ms. kamille bernhard","1-184-707-5265","connie_walker1@yahoo.com","treutel - watsica"
"brayan blanda","1-742-691-9093","domenic.jacobs@hotmail.com","erdman - volkman"
"marcelino gleichner ii","565.955.2852 x142","misael.green52@yahoo.com","satterfield, collier and volkman"
"nova turner","439-657-0648 x7551","barton.prosacco@gmail.com","zboncak - murazik"
"clemens eichmann","1-566-225-8258","maye_rau@yahoo.com","hessel - flatley"
"salma jaskolski jr.","1-808-602-1661 x868","elody_mante@yahoo.com","bechtelar group"
"fay cummings","240-746-1638","jayson.reinger@hotmail.com","zemlak inc"
"sister reichert","940.415.5887","charlotte_brekke@gmail.com","jaskolski, carter and walsh"
"rene fahey","779.389.2256 x368","vito80@yahoo.com","bailey - leffler"
"junius simonis","025-074-1822","minerva77@hotmail.com","lakin, reynolds and adams"
"brenden bartoletti iv","563.301.2539","karl_homenick@yahoo.com","adams llc"
"cecilia ullrich","(471) 314-7201","jeremy.terry7@gmail.com","wisoky and sons"
"reese doyle","1-112-102-9576 x19032","angela_powlowski69@hotmail.com","hintz, kuvalis and labadie"
"blanche daniel md","(502) 678-7944 x8804","brendan.weissnat42@gmail.com","denesik, schimmel and lakin"
"miss marcos osinski","745.123.0094 x435","emely8@hotmail.com","mitchell group"
"miss jenifer legros","1-155-992-0491 x1454","naomi6@hotmail.com","kutch - schaden"
"jamir fadel","877-457-6837 x6567","name_williamson93@gmail.com","keebler - doyle"
"bethel wisozk","(466) 194-1054 x3812","tressie.marquardt@gmail.com","collier group"
"dr. jonathan crona","(935) 266-7122","emilie95@hotmail.com","mills, heidenreich and o'reilly"
"mr. jennings raynor","(105) 163-1260 x2324","leonie.huels@yahoo.com","beier, keeling and goldner"
"mrs. felicity schmitt","773.392.1548 x133","milton_boyle@gmail.com","prosacco, grimes and homenick"
"miss gladyce stehr","1-857-339-8499 x79539","chadrick_okeefe74@gmail.com","ondricka inc"
"wilma collier","1-359-318-8973","ivah_hilll@hotmail.com","ziemann - rippin"
"zella keeling","252-168-4906 x64554","carlotta.ritchie23@gmail.com","stiedemann and sons"
"evangeline hickle","196-906-8401","adell_walker@hotmail.com","krajcik, gleichner and weber"
"mr. kyler balistreri","487.396.3960","tad25@yahoo.com","dare - hoeger"
"eldred buckridge","116-000-1488","turner_monahan98@gmail.com","grimes inc"
"mrs. orlo mcglynn","922.833.4396 x26631","alice6@gmail.com","leuschke, metz and nikolaus"
"kenyon franecki","(188) 087-7014 x0583","mitchel.hettinger88@hotmail.com","stamm inc"
"miss odie schowalter","364.469.3170 x547","mellie.halvorson@gmail.com","emmerich - wilderman"
"bethany kuphal dvm","1-245-305-2168 x557","barbara_haley@hotmail.com","hodkiewicz, batz and ritchie"
"shawna fritsch","1-365-538-5644 x74329","martine.gorczany52@hotmail.com","howe, terry and rau"
"marco mcglynn","1-128-622-6798","jerome29@hotmail.com","cummerata inc"
"elmer kuhlman i","331-560-9510","lenore93@gmail.com","hackett - cartwright"
"burdette parker","1-499-023-9466","alexa.skiles46@yahoo.com","altenwerth and sons"
"dameon beahan","142.378.6600","ryann55@gmail.com","boyer - dooley"
"mr. maximus lehner","597-782-9461 x9126","charlie.williamson@hotmail.com","carroll, bins and breitenberg"
"laura mccullough","159.313.2915","amber_vandervort@yahoo.com","rosenbaum inc"
"edward medhurst","536-920-1664 x54293","lucius.rogahn@yahoo.com","marvin - marks"
"chaz hermann","162-930-7416 x82214","nolan.kertzmann@yahoo.com","huels, mante and cruickshank"
"reece bartell","970-655-2755","heather.hartmann@hotmail.com","rippin and sons"
"fred crona","692.572.3382 x413","jasmin.harber@gmail.com","romaguera llc"
"misty kuhn","1-252-901-4471","tyrell.ward@hotmail.com","williamson - leannon"
"ulices stokes","461.669.0599","muriel69@yahoo.com","gusikowski - kiehn"
"ashlee feil dvm","1-588-018-2223 x6811","bette.morar@gmail.com","smith and sons"
"louisa torp","1-197-461-5028 x2425","eleanora.herman@gmail.com","muller - cormier"
"maria streich","(096) 637-4088 x191","ruby97@yahoo.com","block - braun"
"carli nienow","(457) 878-2195 x2880","aleen.bashirian71@hotmail.com","yundt group"
"colby wunsch","513-777-4079","muhammad42@yahoo.com","morar, predovic and o'kon"
"devan champlin","1-889-720-7530 x06364","reagan51@gmail.com","feeney, littel and towne"
"ronny carter","(130) 040-6183 x59180","noemie_hodkiewicz@hotmail.com","tromp - fahey"
"kristina fadel","(310) 359-2200 x25687","tianna40@yahoo.com","kreiger, halvorson and prosacco"
"oswald wisozk","(492) 956-1856","hilda_bergstrom52@hotmail.com","kreiger, swaniawski and kreiger"
"astrid price","648.007.4570 x72181","crystel15@hotmail.com","lesch llc"
"eli nikolaus phd","793-467-1471 x62917","michaela.beatty86@hotmail.com","okuneva llc"
"vernon bauch","(465) 548-7132 x4442","ursula.buckridge@hotmail.com","wintheiser inc"
"mrs. doug swaniawski","(055) 686-3047 x74635","lucinda.streich@yahoo.com","kunde llc"
"jennie hessel","279-680-0435 x08688","domenick18@gmail.com","o'connell - kirlin"
"chance stokes","1-607-260-1652 x726","joshuah80@gmail.com","shanahan, kshlerin and schumm"
"jimmy stroman","(664) 285-1971 x4169","rafael_mertz@yahoo.com","turcotte, reilly and turner"
"shaun feil","1-191-641-4625","meagan.morissette45@hotmail.com","moore - vonrueden"
"joannie orn","1-298-793-0108 x633","juliana_bauch@gmail.com","reilly - tremblay"
"enola moore","727.631.5032","deven66@hotmail.com","feeney inc"
"connor jerde v","1-763-588-8888","serenity.kemmer@hotmail.com","morar - thompson"
"cedrick lang","118.671.6530 x2437","austyn.schaefer@hotmail.com","von - monahan"
"helena ward","(512) 999-4320 x912","jettie_okon@hotmail.com","kutch and sons"
"valentin jacobson","(667) 502-5551","eladio.kilback@hotmail.com","wehner, stracke and kuvalis"
"vicky labadie","1-761-164-7045","maximo64@hotmail.com","heller - west"
"torey mitchell","1-783-390-3387","jamar_larkin@yahoo.com","durgan inc"
"nyah stiedemann sr.","(083) 259-2161 x60283","richmond91@gmail.com","wiza - simonis"
"kristopher bosco","(631) 311-7371 x3340","julianne81@hotmail.com","moore llc"
"giovani gottlieb","378.796.1606","garrick81@gmail.com","stark, blanda and kassulke"
"freda miller","(001) 926-5520 x68664","sarah.kling@gmail.com","streich, veum and welch"
"johnathan volkman","527-840-3190 x208","fay32@yahoo.com","gaylord - wilderman"
"wilfredo gleason","682-094-4102 x483","marguerite.berge@gmail.com","hermann - bergstrom"
"romaine farrell","712-887-6444 x60526","isabella.brown@yahoo.com","weimann group"
"darrell osinski","1-834-318-0804 x93137","dessie12@hotmail.com","keeling llc"
"maureen cruickshank iv","1-994-214-0786 x21564","arch_lubowitz36@hotmail.com","barrows, ziemann and mayert"
"bradford klein","797-503-1824","eveline_bashirian86@yahoo.com","schmidt, schaefer and pagac"
"everette baumbach","273.045.4263 x7051","alberta60@yahoo.com","o'keefe group"
"mrs. lambert auer","1-699-222-0576","eliezer85@yahoo.com","feest group"
"cleo lind","(593) 728-7172","olin_lynch@gmail.com","stoltenberg llc"
"miss juvenal gibson","663-900-5334 x810","alycia27@hotmail.com","harvey - stehr"
"carleton dibbert","540-075-5958 x1876","dortha_russel83@gmail.com","roob, becker and hammes"
"deja hackett i","842-141-8127 x6205","brown86@yahoo.com","gutmann, keebler and walsh"
"zachery senger","1-498-588-3394 x23759","peyton_quitzon31@yahoo.com","crona - rosenbaum"
"ola gibson","1-258-736-3917","evalyn.fritsch68@hotmail.com","spencer inc"
"emmalee gutmann","1-543-549-2770","chaya_oberbrunner28@gmail.com","douglas - rath"
"blake mohr ii","695-173-5294 x840","alexandrea.swaniawski@yahoo.com","dickens, little and olson"
"bradford dicki","590-487-4131 x648","dangelo.nader@gmail.com","ward llc"
"laurel smitham","569.277.9353","lou_hoppe38@yahoo.com","murazik llc"
"mercedes kuhlman","213-691-3071 x12606","frederick.deckow17@gmail.com","schultz - mann"
"dr. gwen o'conner","161.309.8112 x453","adrain.ziemann@hotmail.com","ziemann, dietrich and braun"
"mrs. madaline shanahan","(288) 474-7969 x369","lempi37@gmail.com","bruen, wintheiser and stroman"
"celia prosacco","(996) 760-7255 x795","gunner_waters62@gmail.com","moen - hessel"
"albert schamberger dds","(169) 844-9953","shanie43@gmail.com","parisian group"
"mose howell","1-482-210-3373 x745","ezequiel14@gmail.com","krajcik, schmidt and lubowitz"
"orville beahan","1-593-339-3658 x7887","gabrielle11@yahoo.com","bode, zulauf and walter"
"geoffrey larson","1-092-866-6116","jasper.pouros@yahoo.com","hermann - fadel"
"anais effertz","293.406.4549","wilber.mcdermott@gmail.com","heaney - schultz"
"america murazik","(876) 073-0613","rupert.pfeffer98@yahoo.com","hills - kuphal"
"lavern fritsch","1-744-000-4177 x355","pearl50@yahoo.com","hilpert group"
"mrs. tiara glover","(199) 566-7205","natalia_reilly46@gmail.com","mcdermott and sons"
"jamir witting","579.365.1994","ernesto92@gmail.com","langosh group"
"deontae padberg","624-939-9954","antonietta_green@gmail.com","deckow, bradtke and johns"
"donnie mraz","(951) 207-0444","conor_hansen@yahoo.com","beer, nienow and stark"
"leta sporer","1-696-440-8428","sunny_stehr1@gmail.com","graham - wiza"
"clint fritsch","(312) 103-4901 x180","avis_sauer77@hotmail.com","wilderman group"
"zena schuster","1-728-142-7246","rodrigo22@gmail.com","leuschke, block and koepp"
"mr. chelsie conn","(818) 581-4203 x85796","ofelia92@yahoo.com","schoen, weissnat and pfeffer"
"tamia dibbert","709.995.6755 x66357","francisco.grimes@hotmail.com","satterfield, lehner and heaney"
"bert kling sr.","1-105-191-0064 x86228","meghan_dickinson@gmail.com","roberts - lockman"
"helga mitchell dvm","003.289.7132","kiera_upton@hotmail.com","dietrich group"
"daija hudson","027.002.8083","carmine_moore@yahoo.com","russel, johns and o'kon"
"donavon goodwin","(726) 416-1220","kaycee.jerde47@hotmail.com","crona group"
"leda beatty","1-984-336-8325","joannie19@yahoo.com","hackett - leannon"
"miss jose dicki","1-064-264-5392 x40984","ciara_hessel@gmail.com","kutch - veum"
"amanda kerluke","(705) 883-3812","tiara.bode74@yahoo.com","greenholt, krajcik and cruickshank"
"daryl reilly","(165) 815-6387 x2009","paxton34@yahoo.com","zboncak llc"
"garret cummerata","554-621-9241 x6602","marley.flatley75@hotmail.com","adams and sons"
"giovanna o'hara","518-781-9786","dusty19@yahoo.com","predovic, conroy and bogan"
"miss roy hoeger","831-530-2088 x595","allene.pagac62@hotmail.com","dickens, kihn and kub"
"javonte schmidt","955-013-8314","coralie26@hotmail.com","champlin and sons"
"daphne mitchell","1-257-038-1883 x5439","felicity.maggio@gmail.com","jacobi - willms"
"jodie davis","(595) 875-4731","rebekah36@gmail.com","weber and sons"
"dr. lennie kihn","767-846-6094 x80849","zachariah.von@gmail.com","monahan, schoen and mayert"
"myrtie hickle","648.997.3620","darby_ortiz@yahoo.com","rempel llc"
"waylon pfannerstill","1-066-433-8903","bianka_lesch@yahoo.com","rodriguez - walker"
"ms. norene bradtke","(219) 205-6545","alda.lueilwitz@yahoo.com","effertz, west and ryan"
"kylee collier","(890) 681-2580 x5116","cristobal.schuster6@hotmail.com","kling group"
"madeline swaniawski","738-410-7892 x11631","leila.dare@yahoo.com","osinski llc"
"everett mraz","1-804-361-3705 x514","mable.torp@yahoo.com","schneider - mcclure"
"kathlyn dach","1-054-547-6671","reyna_shanahan65@yahoo.com","ryan and sons"
"adrian fisher ii","552-131-3971 x41491","anika.funk@hotmail.com","hoeger and sons"
"christelle simonis","906-308-2992 x51118","benton_mraz@yahoo.com","cole llc"
"kailee rowe","1-294-260-8278","caitlyn.gutkowski@yahoo.com","mclaughlin and sons"
"marcellus brown","197-776-6476","ned.huels73@gmail.com","larkin, langosh and corwin"
"mina homenick","(102) 003-9264 x292","luisa11@gmail.com","wunsch - ward"
"clifton beer","1-499-038-7689","waylon.doyle@gmail.com","torphy inc"
"jess considine","907-688-1701 x624","onie.rowe98@yahoo.com","lakin - cruickshank"
"geovanny mertz","1-070-418-6707 x202","preston40@hotmail.com","lesch - bayer"
"maryjane lesch","537.241.1160 x0122","estel_sipes99@hotmail.com","rohan - parisian"
"vincenza gibson","066-735-1624 x575","gustave_conn7@hotmail.com","lehner and sons"
"ashley smitham","1-288-523-3200","orville_lang41@hotmail.com","morar - towne"
"hayley bartell","157.094.0981 x040","lourdes.koelpin47@yahoo.com","conroy - schinner"
"mrs. lyda mayer","1-867-667-0108 x646","marlin_schoen83@yahoo.com","nikolaus llc"
"dr. dee buckridge","030-032-3158","johan_bartell@hotmail.com","corwin - brakus"
"ms. river nader","1-365-763-2149 x2944","hester.crist@hotmail.com","harvey, treutel and huel"
"lavinia huels","397.789.0516","werner_rath72@yahoo.com","farrell, doyle and thiel"
"earline aufderhar ii","069.230.7246 x12774","hadley98@gmail.com","leannon inc"
"jessy aufderhar","188.385.7849 x5668","arianna_lindgren0@yahoo.com","trantow - homenick"
"gabrielle kassulke","211.363.7356","alexandrine_kuphal8@hotmail.com","runolfsson, windler and mills"
"howell gerlach","413.378.8971 x7899","elyssa_hermiston62@yahoo.com","steuber - wiza"
"rosalinda altenwerth","1-702-414-9429","shawn50@hotmail.com","weimann group"
"madisyn beer","1-102-411-0906 x7795","birdie_little@gmail.com","o'reilly, kub and barton"
"mr. fritz miller","1-734-692-5795 x8987","jany.nicolas@yahoo.com","flatley group"
"mikayla douglas","702.989.8738","davon34@hotmail.com","emard, zieme and gleichner"
"jessyca koch","879.771.7595 x44962","pietro_kessler@gmail.com","casper inc"
"ebba moore iii","1-903-529-4954 x4584","damian_luettgen29@gmail.com","johnson, bernhard and green"
"jalyn keeling","561-865-1802 x2415","mikel_bogisich34@hotmail.com","bartell llc"
"vicente kuhlman","1-191-661-8076 x63612","teagan_robel67@gmail.com","miller, gusikowski and heidenreich"
"dorcas thompson","1-114-634-1263","ashley_mante97@hotmail.com","halvorson group"
"lucy aufderhar","1-005-987-7407 x07984","linnea_fay@gmail.com","hansen, nikolaus and beer"
"joe shanahan","(758) 363-9530","dallas_ohara@gmail.com","sipes, king and tromp"
"zetta konopelski phd","1-420-078-2288","braxton.kohler55@gmail.com","renner, bradtke and batz"
"fritz kovacek","676.643.0525 x1932","connie64@yahoo.com","morar - streich"
"mariana muller","1-084-827-4306 x58564","winnifred23@hotmail.com","abshire inc"
"letitia jacobi","359-811-4228","nicolette_mueller@gmail.com","gusikowski, mccullough and halvorson"
"armand fay","1-304-325-1304","gay.orn23@hotmail.com","lang llc"
"althea maggio","982-188-5563 x4413","nicklaus67@hotmail.com","hintz, boyer and wilkinson"
"ms. terence flatley","633-244-4613 x327","melyna.spinka45@yahoo.com","hammes - wisoky"
"mitchel oberbrunner","556-645-0545","burdette_green2@hotmail.com","kerluke group"
"lynn parisian","(809) 402-4192 x69971","elisha.ledner50@gmail.com","muller - mckenzie"
"allan flatley","770.312.9218 x78474","darryl_okeefe@yahoo.com","kemmer inc"
"dejuan cassin","(037) 868-4621 x69752","josiane_mertz88@yahoo.com","nader and sons"
"miss clemens bailey","(714) 844-3298 x87505","domenico.wiegand69@yahoo.com","ferry, conn and quigley"
"edyth d'amore","830-559-8397","stanley53@gmail.com","marquardt, brekke and toy"
"dexter herman","1-681-482-0349","camila56@gmail.com","schneider, boehm and schaefer"
"zane kshlerin","1-550-234-2852 x873","virginia.baumbach10@gmail.com","windler - cummerata"
"emmanuel douglas","(454) 274-2843 x79331","mariane.bednar@gmail.com","jacobson - stanton"
"sonia schmitt i","(374) 973-5827","desiree35@yahoo.com","altenwerth llc"
"halie conroy","1-607-083-6307","shawn36@hotmail.com","monahan - johnson"
"cheyanne barton","(366) 441-7787 x8420","cierra.nader7@hotmail.com","shields, hyatt and mcglynn"
"timothy gerlach","049.453.7711","shannon_johns77@yahoo.com","smitham and sons"
"reina casper","172-754-5691","brenna89@yahoo.com","mcdermott, rolfson and zemlak"
"morton considine","1-495-061-8615 x262","megane_mohr51@hotmail.com","walter, will and raynor"
"marlen mraz","(756) 635-2931 x942","otha.larson92@hotmail.com","raynor, cremin and ritchie"
"terence hartmann md","450.207.2623 x11163","ryley88@hotmail.com","zemlak inc"
"chaya considine","1-146-239-5610 x6954","boris_pouros87@gmail.com","dickens, oberbrunner and connelly"
"deja schmidt","1-242-179-4295 x35204","adaline3@gmail.com","green - osinski"
"dr. orin mccullough","1-755-633-5224 x837","wilbert.huel61@gmail.com","kris, barrows and nolan"
"efrain hills","(292) 088-6103 x19769","dina21@yahoo.com","ondricka and sons"
"lauren schroeder","406-921-5765","silas15@hotmail.com","dickinson group"
"furman d'amore md","1-190-151-8742","ted.harvey82@yahoo.com","fisher inc"
"maximus howell","(424) 414-1239 x26193","zackary95@gmail.com","wehner llc"
"lilla veum","(387) 637-8163 x40350","margarete.stracke@yahoo.com","cronin, bauch and prosacco"
"noah wuckert","755-926-2719","broderick73@yahoo.com","bogan, pollich and mclaughlin"
"alvis gerhold","985-684-9831 x344","jan.hyatt@hotmail.com","franecki, haag and pagac"
"dominique friesen","613.024.9887 x0828","gordon60@yahoo.com","rosenbaum llc"
"antwon carter","564-586-8807 x980","hildegard.johnston@hotmail.com","legros - stiedemann"
"jeff treutel","461.022.5397 x4374","zola69@hotmail.com","funk - hammes"
"gino wyman","449-077-1381 x29007","dawson.hirthe69@hotmail.com","metz - thiel"
"mr. ethyl williamson","769.037.2842","emerald_hegmann@yahoo.com","rath, kuphal and huels"
"chauncey ankunding iv","(854) 225-8472 x5822","webster.okon2@yahoo.com","homenick, little and jerde"
"quentin boyle","(362) 161-7501","andre.wiza@hotmail.com","mccullough, schaefer and carroll"
"maureen von","969.962.3107","ilene.greenholt@hotmail.com","turcotte - ward"
"mara roberts","728.370.7559 x208","mekhi_tremblay82@yahoo.com","fritsch - gerlach"
"nia runolfsdottir","161-178-7876 x09630","mathew73@gmail.com","stroman and sons"
"maxine heidenreich","971-811-2585","cathrine1@gmail.com","west llc"
"norval haley","1-392-828-3399 x0774","cornelius.prohaska18@yahoo.com","bashirian - hauck"
"tad weber","536.319.2853 x4297","luther71@yahoo.com","koelpin - kemmer"
"nolan yundt","198-314-7212 x59990","wayne_upton55@hotmail.com","wunsch, stokes and kuphal"
"sven gulgowski iii","1-738-049-1367 x86802","madelyn_jerde40@hotmail.com","corkery, zulauf and roob"
"elaina moore","881-736-3410","myron89@gmail.com","reynolds - spencer"
"miss jarret wuckert","(567) 882-8734","joyce65@hotmail.com","schuppe - bergstrom"
"baron kozey","(845) 159-8721","adriana.price26@yahoo.com","kuhlman - quigley"
"marie mann","863-796-5871","hailie23@yahoo.com","goyette - marks"
"mr. mateo schamberger","234.516.6102 x276","mina2@yahoo.com","sanford, lubowitz and zemlak"
"jennifer stamm","244.679.0997 x8241","walton.zulauf@hotmail.com","mosciski group"
"donna runolfsson","(837) 991-9225 x01041","evangeline.runolfsdottir75@gmail.com","gleason group"
"dave torp","(668) 880-1870","salvatore50@yahoo.com","hodkiewicz group"
"allen boyle","144.965.1343","clemmie.wisoky@gmail.com","runolfsson group"
"elias maggio","232.443.2876","maia.hodkiewicz@hotmail.com","fritsch inc"
"bettie goodwin","353-256-7304 x049","karolann88@gmail.com","hartmann - pfeffer"
"virginia schinner","203-109-9324 x3730","lavern.jacobs@hotmail.com","gleason - kozey"
"berenice hettinger","(011) 049-6008 x61415","destiny_kshlerin39@hotmail.com","hoppe, schaefer and cassin"
"dr. jarrell lind","580-243-0906","luigi56@yahoo.com","osinski, jacobi and mertz"
"madie lindgren","(768) 417-6815 x2835","javonte_ohara4@hotmail.com","gerhold llc"
"sammie goodwin","1-917-953-4780","clemmie.buckridge25@gmail.com","mcglynn - greenfelder"
"davon barton ii","(685) 904-8442 x5148","payton_rogahn54@yahoo.com","labadie - moore"
"domenica langworth","732.365.0897 x14266","aidan.bradtke79@hotmail.com","gorczany, wolff and mcclure"
"adam barrows","1-449-220-6587 x6355","dariana_heidenreich@yahoo.com","bode inc"
"dr. anais mann","427.732.9420 x186","deion.borer@gmail.com","stark, armstrong and gorczany"
"eldora casper","309-874-7568 x3363","bernice_king69@hotmail.com","gibson group"
"salvatore rodriguez","(285) 341-1842 x23689","rhea17@yahoo.com","hickle llc"
"sophia hauck","(173) 413-5271 x27162","tania67@yahoo.com","connelly inc"
"verner brown","1-375-080-9972","aimee_schneider24@hotmail.com","carroll, reilly and lemke"
"jessyca macejkovic","519-837-8435","hope_purdy41@hotmail.com","predovic inc"
"ms. sedrick stark","1-394-877-3293 x2024","pedro.spencer@yahoo.com","boehm, schinner and friesen"
"rex welch md","(033) 918-5217","edgar.considine60@hotmail.com","kihn and sons"
"randall fay","254-686-6247","noemie72@yahoo.com","russel llc"
"dr. cole koepp","1-641-589-1384 x43891","adrianna_glover@yahoo.com","balistreri, heaney and hintz"
"tara hartmann dvm","013-856-8605","madison_watsica71@yahoo.com","reichert llc"
"dovie dach jr.","658-405-1597","henri.beer61@hotmail.com","towne, fisher and hintz"
"george cronin","926-213-6402","frederique.koch36@yahoo.com","barrows inc"
"adam heidenreich","(270) 248-5696 x4201","tyrese99@gmail.com","zieme - hauck"
"sallie kohler","(441) 610-1637","emerson.davis41@gmail.com","bins - wilderman"
"mr. jaron hartmann","1-808-664-2244","avis59@gmail.com","konopelski - bruen"
"jabari gutmann","877.993.0271 x9610","freida.krajcik@gmail.com","upton - heller"
"pearline lakin","(071) 236-2954 x2961","torrey_morissette23@hotmail.com","parker, ernser and feest"
"lori conroy","865.237.1252","addison17@hotmail.com","hoppe - sauer"
"napoleon quigley","840-647-3103 x31161","sydnie_fay83@yahoo.com","rodriguez - reinger"
"ada kuhlman","608-930-4956","fredy_sipes@hotmail.com","morar, koepp and o'conner"
"marvin hermann","(904) 450-5451","camylle_rau@yahoo.com","roob, roberts and kuvalis"
"viola hand","(433) 970-8822 x313","shyanne.schulist@yahoo.com","jacobs, runolfsson and dooley"
"adolph koepp","794.804.9582 x7640","alicia_reilly59@hotmail.com","emmerich group"
"gayle price","492-869-2636 x3292","chanelle52@hotmail.com","barton - wolff"
"devante reichert","1-907-661-6051","lavina_wisoky13@hotmail.com","emard, kirlin and steuber"
"christa goyette dvm","087-703-8388 x442","gloria_dietrich@gmail.com","gerhold, wyman and gerhold"
"clark lemke","179.241.0341 x949","ettie.schuster35@hotmail.com","gusikowski - gaylord"
"mr. reta zemlak","(789) 949-3004 x62313","iva.boehm80@hotmail.com","bechtelar, powlowski and rolfson"
"naomi kulas","(433) 388-9368 x62920","mable.towne@gmail.com","wisozk - prosacco"
"antonetta boyle","939-712-2385","casey99@hotmail.com","hoeger inc"
"giovanny wintheiser","(146) 794-3014 x187","kenna_bednar51@gmail.com","strosin - mante"
"kailee heller","990.300.4979 x1953","therese20@gmail.com","hegmann - wolf"
"christy walker","640-300-3828","ivy63@gmail.com","orn, bednar and hane"
"mr. cheyenne ankunding","1-191-968-4335 x403","glenna93@yahoo.com","d'amore, rice and mohr"
"kennith keeling","584-388-5533 x88330","domenico.jacobi85@gmail.com","pfeffer group"
"ms. dan keebler","175-656-0838 x38827","bernie_krajcik37@gmail.com","wintheiser and sons"
"estrella hessel","641.225.4890 x0638","vinnie_witting@yahoo.com","bartoletti - cole"
"felix romaguera","(824) 125-2612","adriel_predovic@gmail.com","heaney llc"
"julius leuschke","(246) 230-1993 x054","keyshawn94@gmail.com","medhurst llc"
"bridgette jakubowski","926.131.0027 x7654","doug_zieme10@gmail.com","hettinger, hahn and doyle"
"vena wilderman","878-294-3082 x40222","jarrod_donnelly74@hotmail.com","kuhic - spencer"
"shea mante iv","(086) 070-7047","sherwood66@gmail.com","friesen - corkery"
"bianka macgyver","456.092.8706 x308","karianne.ferry65@hotmail.com","zulauf, hansen and hegmann"
"jaida hodkiewicz","1-980-887-0207","domenica.kovacek@hotmail.com","bogisich - stokes"
"lucious marvin","053-069-2694 x29652","taurean_harris@yahoo.com","wilkinson - eichmann"
"lemuel rempel iv","375.435.1191","jovany.runolfsdottir@hotmail.com","wintheiser, waters and heller"
"robbie jacobi","1-456-293-2582 x303","era93@yahoo.com","gutmann, becker and wiegand"
"favian fay","(017) 715-1052 x4798","ima69@hotmail.com","vonrueden - nolan"
"jewell olson","(606) 956-8688","kiarra.murphy86@hotmail.com","walker - herzog"
"nicolette bernhard jr.","671.326.0275 x864","vladimir22@gmail.com","kub and sons"
"bertrand langworth","346-592-1525","timmy.yundt@gmail.com","russel, west and ratke"
"spencer crooks","1-923-023-9189 x4443","samanta83@hotmail.com","muller, simonis and glover"
"darrel stoltenberg","1-475-964-1715 x71177","caesar44@yahoo.com","buckridge and sons"
"freida mann","1-230-017-9744 x598","kaela55@gmail.com","schiller, boehm and hessel"
"clifford bogisich","1-802-989-3412","elmer76@hotmail.com","crooks - zemlak"
"modesta abbott","670-954-1365","adolph36@gmail.com","armstrong - toy"
"herbert bernier","(896) 593-6182 x931","alanis.windler21@gmail.com","heathcote and sons"
"milan hilll","1-911-585-2372","meaghan_dibbert@yahoo.com","goyette and sons"
"jeromy douglas","1-797-215-2504","theresa38@gmail.com","gottlieb - metz"
"marcelle schinner","(466) 978-1548 x55960","howell_herzog76@hotmail.com","o'connell, ferry and paucek"
"maritza howell","926-627-5257","manley.bartell52@yahoo.com","rice - wyman"
"jeramie boehm iv","1-426-821-1332","jennyfer78@yahoo.com","gutkowski - rau"
"caesar goodwin","1-305-344-1692 x940","kathryn.bergnaum32@hotmail.com","bins llc"
"fermin dubuque jr.","(034) 304-4694 x033","lemuel.mueller25@gmail.com","daniel - ritchie"
"della osinski","(875) 410-8964 x1993","leatha.gleason@yahoo.com","hyatt, walter and hickle"
"nigel kassulke iv","(758) 491-0918 x47973","margarita51@yahoo.com","moore - wisoky"
"chris padberg i","512-993-6774","nicolette.romaguera@gmail.com","dooley inc"
"dr. shemar cormier","(919) 216-7617 x38575","adrain_buckridge15@gmail.com","weber group"
"maxine swift ii","249-512-9825","shemar66@yahoo.com","emmerich, daugherty and steuber"
"randy daniel","(619) 721-9467","araceli68@gmail.com","barton - davis"
"khalil dach","471.581.4578 x7443","alexander.lowe@gmail.com","reichel, king and koelpin"
"claude tremblay","(884) 845-3175","humberto.hahn@yahoo.com","halvorson, reynolds and reichert"
"minnie schmidt","(786) 786-5874 x9984","fanny_lynch75@yahoo.com","hermiston group"
"taryn bode","146-303-2262","ola5@yahoo.com","graham - leannon"
"richmond jacobi i","974-044-5635","hannah27@yahoo.com","kling inc"
"aniya botsford","1-098-920-2923 x673","loyce15@hotmail.com","windler, vonrueden and bednar"
"clay bauch","853.008.1127 x18067","andre_swift@yahoo.com","klein - kilback"
"bella cummings","(044) 592-1766 x9942","marlon.kuphal@gmail.com","kreiger llc"
"alivia mohr iv","1-852-401-6789 x8609","reta.ankunding@gmail.com","runolfsson and sons"
"vito schaden dvm","631-736-4706 x03305","lula.boyle@yahoo.com","simonis - daugherty"
"walter adams","1-547-434-4935","charles_toy52@hotmail.com","douglas, robel and king"
"robin wehner","126-591-4990","elyssa_hermiston@gmail.com","mcclure - zemlak"
"ivah murray","(056) 379-3105 x631","karson_littel@hotmail.com","mcglynn - durgan"
"jerald gorczany","1-424-774-8994 x486","ellsworth90@hotmail.com","ankunding inc"
"myles schowalter","(153) 887-5752","joshua_dooley@yahoo.com","powlowski, casper and hoeger"
"garry mann","1-434-146-3065 x560","miguel39@hotmail.com","rempel, cremin and heller"
"raven reichel","(623) 936-0251","torrey50@yahoo.com","hermann group"
"ms. ardella kutch","939-530-6470 x060","lilliana_dickens@hotmail.com","roberts, veum and marvin"
"yvonne stoltenberg","792.690.8850 x9845","loyal.beahan22@yahoo.com","ruecker, klocko and stanton"
"edison feil","(001) 577-5542","krista_ziemann@hotmail.com","denesik - okuneva"
"dr. trevion boyer","(141) 745-4759 x10606","melisa.paucek69@gmail.com","wilderman group"
"martin pfeffer","(535) 157-9880 x457","zachery_bergnaum33@yahoo.com","raynor, bednar and konopelski"
"nash hauck","181-668-0649","deanna.osinski@gmail.com","smith, runte and wintheiser"
"mrs. kaelyn weimann","422.301.6091 x1841","devin87@hotmail.com","leuschke and sons"
"jermaine mosciski","(974) 186-0865 x56594","raheem.larkin89@gmail.com","white llc"
"pamela waters","1-013-121-4802 x51839","elmo_veum@gmail.com","welch - kuhic"
"rodger jacobson","(292) 385-6483","benjamin.thompson43@yahoo.com","sawayn, marquardt and swaniawski"
"miss nico jast","1-709-840-1123 x5368","richmond_fadel@yahoo.com","rau - o'keefe"
"einar wilkinson","1-786-282-1374","ciara_cole@hotmail.com","sporer, collins and ernser"
"erling kihn jr.","160-123-8785","mylene24@yahoo.com","buckridge - hudson"
"mr. niko grimes","(816) 531-2046 x2757","pattie_batz@yahoo.com","rogahn - greenfelder"
"savanna rippin","241.771.6882 x831","caitlyn.wiza79@yahoo.com","schmeler, schinner and bosco"
"jamey nicolas","(766) 441-0033 x5264","mikel.upton6@yahoo.com","waters group"
"gardner botsford sr.","745.369.2513","alyson_braun30@hotmail.com","o'hara, frami and von"
"alison miller","1-326-857-4017","elliott.ryan@yahoo.com","hudson inc"
"horace o'connell","351.570.5021 x19160","aurelio14@gmail.com","windler group"
"mafalda gaylord","(858) 497-8135 x1169","sasha_zemlak5@hotmail.com","mohr - nikolaus"
"ms. hector weimann","(887) 290-5763 x253","lukas26@yahoo.com","hayes group"
"darrel davis","(676) 110-2615","rodolfo_stark@hotmail.com","lindgren - bartell"
"ardella strosin dvm","1-801-616-0030 x10982","jaeden_cormier19@gmail.com","dickinson inc"
"clark feeney","556.252.9868","autumn.kunde14@yahoo.com","shields - cole"
"jakob nolan","150.854.4038 x34883","baron.durgan@hotmail.com","strosin and sons"
"rachael maggio i","(122) 606-3551 x3573","ladarius91@yahoo.com","keeling group"
"kellen collins","284-263-9222","abigayle.beier@hotmail.com","bashirian, botsford and ledner"
"andreane beahan","(447) 438-2160 x9486","etha37@yahoo.com","nikolaus - cole"
"susie wuckert","(180) 338-8523 x34276","anderson.langosh65@hotmail.com","kuvalis llc"
"bertram jakubowski","1-306-519-2313 x684","kale.zieme1@gmail.com","weimann - mosciski"
"ressie deckow","738-778-8488","gregory.bradtke@yahoo.com","walter - mclaughlin"
"jesse hermiston","634.280.1984 x725","dwight.smitham45@yahoo.com","flatley inc"
"rosalind skiles","662.800.2642 x0180","unique.ward66@yahoo.com","torp - fisher"
"ms. beverly stiedemann","(044) 294-0984","hector55@hotmail.com","stroman and sons"
"alexander barrows","(882) 797-5947","aric47@yahoo.com","streich - kub"
"dr. tremaine berge","1-113-702-9620","juliana88@yahoo.com","feil, herzog and stoltenberg"
"marlin heller jr.","1-284-454-3914 x088","sandy82@hotmail.com","buckridge, champlin and durgan"
"aryanna klocko","1-918-289-4984","madilyn47@gmail.com","prosacco and sons"
"wilmer mayert","416.135.8316 x41785","wilhelm_hauck@hotmail.com","ryan, green and yost"
"mr. leora kling","1-496-978-5277","eliza.sanford@yahoo.com","romaguera - carroll"
"may walsh","(794) 652-0145","zachery.hilpert64@gmail.com","nolan, beier and runolfsson"
"emilie kessler","1-327-138-5147 x74670","lindsay32@gmail.com","crona llc"
"charles mayert","1-267-948-7894","easter_brown@gmail.com","yundt group"
"miss caleigh sauer","1-069-590-3371 x050","michel_homenick26@yahoo.com","huel, volkman and kshlerin"
"beth shields","1-668-783-5496 x40849","easton6@hotmail.com","strosin - spinka"
"reynold batz","945-605-7568 x461","ocie_ledner@yahoo.com","runolfsson, turcotte and mcglynn"
"abdullah gleichner","1-052-599-8637 x04293","preston_kub46@yahoo.com","rath, watsica and vonrueden"
"ezra wilderman","(579) 296-4703 x961","elnora22@yahoo.com","ritchie group"
"miss freddy rice","1-469-838-6824","domenick_blanda@hotmail.com","hilpert, keebler and nicolas"
"mafalda johnston","(781) 694-5892 x4831","madalyn.glover54@hotmail.com","schaden, douglas and parisian"
"silas wilderman i","514-587-4068","rhea67@gmail.com","labadie, spencer and mayert"